Workbook

Sheet Panduan
A1: PANDUAN SINGKAT
B3: Kos cowok & cewek | C3: Tab Uang Kos Mama: uang masuk tiap kamar (kos cowok 5 kamar, kos cewek 7 kamar), sumber masuk lain (lapak, penggantian), dan ke mana uang kos dipakai. Label kamar ada di tab Transaksi kolom L (Kos / Kamar).
B4: Struktur | C4: Setiap transaksi punya 3 tingkat: TUJUAN (Pendapatan / Pengeluaran / Pindah Uang) → SUMBER (Gaji, Jasa, Uang Kos Mama, Uang Kedai, Uang Disan / Pengeluaran Gaji, Jasa, Uang Kos, Uang Kedai, Uang Disan) → KATEGORI.
B5: Tabungan & investasi | C5: Tujuan "Tabungan": setor (beli saham/reksadana/jula-jula) dan cair. Di Dashboard dihitung sebagai bagian PENGELUARAN dalam bentuk "Tabungan bersih" (disetor − dicairkan), supaya uang yang diputar tidak terhitung berkali-kali. Dividen & bagi hasil = Pendapatan Gaji. Pembelian Reksadana Dana Kuliah = Pengeluaran Gaji › Pendidikan.
B6: Pindah Uang | C6: Tarik ATM, isi GoPay, pindah kantong, dana riba, utang-piutang → Tipe "Pindah" / Tujuan "Pindah Uang". Tidak dihitung pendapatan/pengeluaran.
B7: Mencatat | C7: Tab Transaksi, baris kosong paling bawah (mulai baris 16): Tanggal → Akun → Tipe → (Akun Tujuan kalau Pindah) → Jumlah → Tujuan → Sumber → Kategori → Keterangan.
B8: Mencari & melacak | C8: Tab Transaksi, panel kuning di atas: kata kunci, tujuan, sumber, kategori, akun, tipe, tanggal. Poin hasilnya muncul di kolom N–U (klik "Buka"); total masuk/keluar & per hari/bulan/tahun di tengah.
B9: Asal saldo akun | C9: Tab Saldo Akun bagian A: saldo awal + masuk − keluar + pindahan masuk − dipindah = saldo sekarang.
B10: Uang mama | C10: Tab Uang Mama: masuk (kos, kedai) − keluar (listrik kos, token & PDAM kedai, dll) = sisa uang mama. Sisa harus ada di Uang Kos Mama Cash / Kantong Uang Kos Mama; kalau belum, status "Pindahkan".
B11: Investasi | C11: Tab Investasi Saham & Investasi Reksadana: setiap beli/jual/dividen ada tautan "Kas" ke transaksinya, dari pengeluaran apa/akun apa, dan dana yang masuk sebelumnya.
B12: Perencanaan | C12: Target Dana Darurat, Kuliah, Laptop terhubung ke nilai reksadana per tujuan. Isi tenggat untuk melihat tabungan per bulan yang dibutuhkan.
B13: Perlu Dicek | C13: Transaksi bertanda kuning di kolom K perlu kamu pastikan. Cari dengan panel: "Hanya Perlu Dicek" = Ya.
B14: Uang Riba | C14: Tab Uang Riba: riba masuk, pajak, selisih bunga, uang riba yang dipinjam & diganti, dan sisa utang ke uang riba per bulan. Pinjam = kategori "Pinjam dari uang riba", ganti = "Ganti uang riba" (Tujuan Pindah Uang › Sumber Pinjam uang riba).
... B18: Buku Akun | C18: Tab Buku Akun: pilih akun, bulan & tahun → transaksi akun itu urut per tanggal dengan saldo setelah tiap transaksi, total masuk/keluar, dan saldo akhir bulan (seperti buku bank).

Sheet Dashboard
A1: DASHBOARD
A2: Pilih Tahun dan Bulan di sel kuning. Untuk melacak angka mana pun: buka tab Transaksi, lalu isi Tujuan/Sumber/Kategori/Akun dan tanggal di panel pencarian — poin transaksinya muncul di kanan.
B4: Tahun | C4: 2026 | D4: =MATCH(C5,Ref!$A$1:$A$12,0)
B5: Bulan | C5: September
B7: ="A. PENDAPATAN & PENGELUARAN — "&UPPER(C5)&" "&C4
B8: Sumber | C8: Bulan ini | D8: Tahun ini | E8: Rata-rata/bulan (tahun ini) | F8: Porsi (tahun)
B9: PENDAPATAN
B10: Gaji | C10: =SUMIFS(Transaksi!$F$16:$F$5015,Transaksi!$G$16:$G$5015,"Pendapatan",Transaksi!$B$16:$B$5015,">="&DATE(Dashboard!$C$4,Dashboard!$D$4,1),Transaksi!$B$16:$B$5015,"<="&EOMONTH(DATE(Dashboard!$C$4,Dashboard!$D$4,1),0),Transaksi!$H$16:$H$5015,"Gaji") | D10: =SUMIFS(Transaksi!$F$16:$F$5015,Transaksi!$G$16:$G$5015,"Pendapatan",Transaksi!$B$16:$B$5015,">="&DATE(Dashboard!$C$4,1,1),Transaksi!$B$16:$B$5015,"<="&DATE(Dashboard!$C$4,12,31),Transaksi!$H$16:$H$5015,"Gaji") | E10: =D10/MAX(1,IF(Dashboard!$C$4=YEAR(TODAY()),MONTH(TODAY()),12)) | F10: =IF(SUM($D$10:$D$14)=0,"-",D10/SUM($D$10:$D$14))
B11: Jasa | C11: =SUMIFS(Transaksi!$F$16:$F$5015,Transaksi!$G$16:$G$5015,"Pendapatan",Transaksi!$B$16:$B$5015,">="&DATE(Dashboard!$C$4,Dashboard!$D$4,1),Transaksi!$B$16:$B$5015,"<="&EOMONTH(DATE(Dashboard!$C$4,Dashboard!$D$4,1),0),Transaksi!$H$16:$H$5015,"Jasa") | D11: =SUMIFS(Transaksi!$F$16:$F$5015,Transaksi!$G$16:$G$5015,"Pendapatan",Transaksi!$B$16:$B$5015,">="&DATE(Dashboard!$C$4,1,1),Transaksi!$B$16:$B$5015,"<="&DATE(Dashboard!$C$4,12,31),Transaksi!$H$16:$H$5015,"Jasa") | E11: =D11/MAX(1,IF(Dashboard!$C$4=YEAR(TODAY()),MONTH(TODAY()),12)) | F11: =IF(SUM($D$10:$D$14)=0,"-",D11/SUM($D$10:$D$14))
B12: Uang Kos Mama | C12: =SUMIFS(Transaksi!$F$16:$F$5015,Transaksi!$G$16:$G$5015,"Pendapatan",Transaksi!$B$16:$B$5015,">="&DATE(Dashboard!$C$4,Dashboard!$D$4,1),Transaksi!$B$16:$B$5015,"<="&EOMONTH(DATE(Dashboard!$C$4,Dashboard!$D$4,1),0),Transaksi!$H$16:$H$5015,"Uang Kos Mama") | D12: =SUMIFS(Transaksi!$F$16:$F$5015,Transaksi!$G$16:$G$5015,"Pendapatan",Transaksi!$B$16:$B$5015,">="&DATE(Dashboard!$C$4,1,1),Transaksi!$B$16:$B$5015,"<="&DATE(Dashboard!$C$4,12,31),Transaksi!$H$16:$H$5015,"Uang Kos Mama") | E12: =D12/MAX(1,IF(Dashboard!$C$4=YEAR(TODAY()),MONTH(TODAY()),12)) | F12: =IF(SUM($D$10:$D$14)=0,"-",D12/SUM($D$10:$D$14))
B13: Uang Kedai | C13: =SUMIFS(Transaksi!$F$16:$F$5015,Transaksi!$G$16:$G$5015,"Pendapatan",Transaksi!$B$16:$B$5015,">="&DATE(Dashboard!$C$4,Dashboard!$D$4,1),Transaksi!$B$16:$B$5015,"<="&EOMONTH(DATE(Dashboard!$C$4,Dashboard!$D$4,1),0),Transaksi!$H$16:$H$5015,"Uang Kedai") | D13: =SUMIFS(Transaksi!$F$16:$F$5015,Transaksi!$G$16:$G$5015,"Pendapatan",Transaksi!$B$16:$B$5015,">="&DATE(Dashboard!$C$4,1,1),Transaksi!$B$16:$B$5015,"<="&DATE(Dashboard!$C$4,12,31),Transaksi!$H$16:$H$5015,"Uang Kedai") | E13: =D13/MAX(1,IF(Dashboard!$C$4=YEAR(TODAY()),MONTH(TODAY()),12)) | F13: =IF(SUM($D$10:$D$14)=0,"-",D13/SUM($D$10:$D$14))
B14: Uang Disan | C14: =SUMIFS(Transaksi!$F$16:$F$5015,Transaksi!$G$16:$G$5015,"Pendapatan",Transaksi!$B$16:$B$5015,">="&DATE(Dashboard!$C$4,Dashboard!$D$4,1),Transaksi!$B$16:$B$5015,"<="&EOMONTH(DATE(Dashboard!$C$4,Dashboard!$D$4,1),0),Transaksi!$H$16:$H$5015,"Uang Disan") | D14: =SUMIFS(Transaksi!$F$16:$F$5015,Transaksi!$G$16:$G$5015,"Pendapatan",Transaksi!$B$16:$B$5015,">="&DATE(Dashboard!$C$4,1,1),Transaksi!$B$16:$B$5015,"<="&DATE(Dashboard!$C$4,12,31),Transaksi!$H$16:$H$5015,"Uang Disan") | E14: =D14/MAX(1,IF(Dashboard!$C$4=YEAR(TODAY()),MONTH(TODAY()),12)) | F14: =IF(SUM($D$10:$D$14)=0,"-",D14/SUM($D$10:$D$14))
B15: Total pendapatan | C15: =SUM(C10:C14) | D15: =SUM(D10:D14) | E15: =SUM(E10:E14)
B17: PENGELUARAN
B18: Pengeluaran Gaji | C18: =SUMIFS(Transaksi!$F$16:$F$5015,Transaksi!$G$16:$G$5015,"Pengeluaran",Transaksi!$B$16:$B$5015,">="&DATE(Dashboard!$C$4,Dashboard!$D$4,1),Transaksi!$B$16:$B$5015,"<="&EOMONTH(DATE(Dashboard!$C$4,Dashboard!$D$4,1),0),Transaksi!$H$16:$H$5015,"Pengeluaran Gaji") | D18: =SUMIFS(Transaksi!$F$16:$F$5015,Transaksi!$G$16:$G$5015,"Pengeluaran",Transaksi!$B$16:$B$5015,">="&DATE(Dashboard!$C$4,1,1),Transaksi!$B$16:$B$5015,"<="&DATE(Dashboard!$C$4,12,31),Transaksi!$H$16:$H$5015,"Pengeluaran Gaji") | E18: =D18/MAX(1,IF(Dashboard!$C$4=YEAR(TODAY()),MONTH(TODAY()),12)) | F18: =IF(SUM($D$18:$D$22)=0,"-",D18/SUM($D$18:$D$22))
B19: Pengeluaran Jasa | C19: =SUMIFS(Transaksi!$F$16:$F$5015,Transaksi!$G$16:$G$5015,"Pengeluaran",Transaksi!$B$16:$B$5015,">="&DATE(Dashboard!$C$4,Dashboard!$D$4,1),Transaksi!$B$16:$B$5015,"<="&EOMONTH(DATE(Dashboard!$C$4,Dashboard!$D$4,1),0),Transaksi!$H$16:$H$5015,"Pengeluaran Jasa") | D19: =SUMIFS(Transaksi!$F$16:$F$5015,Transaksi!$G$16:$G$5015,"Pengeluaran",Transaksi!$B$16:$B$5015,">="&DATE(Dashboard!$C$4,1,1),Transaksi!$B$16:$B$5015,"<="&DATE(Dashboard!$C$4,12,31),Transaksi!$H$16:$H$5015,"Pengeluaran Jasa") | E19: =D19/MAX(1,IF(Dashboard!$C$4=YEAR(TODAY()),MONTH(TODAY()),12)) | F19: =IF(SUM($D$18:$D$22)=0,"-",D19/SUM($D$18:$D$22))
B20: Pengeluaran Uang Kos | C20: =SUMIFS(Transaksi!$F$16:$F$5015,Transaksi!$G$16:$G$5015,"Pengeluaran",Transaksi!$B$16:$B$5015,">="&DATE(Dashboard!$C$4,Dashboard!$D$4,1),Transaksi!$B$16:$B$5015,"<="&EOMONTH(DATE(Dashboard!$C$4,Dashboard!$D$4,1),0),Transaksi!$H$16:$H$5015,"Pengeluaran Uang Kos") | D20: =SUMIFS(Transaksi!$F$16:$F$5015,Transaksi!$G$16:$G$5015,"Pengeluaran",Transaksi!$B$16:$B$5015,">="&DATE(Dashboard!$C$4,1,1),Transaksi!$B$16:$B$5015,"<="&DATE(Dashboard!$C$4,12,31),Transaksi!$H$16:$H$5015,"Pengeluaran Uang Kos") | E20: =D20/MAX(1,IF(Dashboard!$C$4=YEAR(TODAY()),MONTH(TODAY()),12)) | F20: =IF(SUM($D$18:$D$22)=0,"-",D20/SUM($D$18:$D$22))
B21: Pengeluaran Uang Kedai | C21: =SUMIFS(Transaksi!$F$16:$F$5015,Transaksi!$G$16:$G$5015,"Pengeluaran",Transaksi!$B$16:$B$5015,">="&DATE(Dashboard!$C$4,Dashboard!$D$4,1),Transaksi!$B$16:$B$5015,"<="&EOMONTH(DATE(Dashboard!$C$4,Dashboard!$D$4,1),0),Transaksi!$H$16:$H$5015,"Pengeluaran Uang Kedai") | D21: =SUMIFS(Transaksi!$F$16:$F$5015,Transaksi!$G$16:$G$5015,"Pengeluaran",Transaksi!$B$16:$B$5015,">="&DATE(Dashboard!$C$4,1,1),Transaksi!$B$16:$B$5015,"<="&DATE(Dashboard!$C$4,12,31),Transaksi!$H$16:$H$5015,"Pengeluaran Uang Kedai") | E21: =D21/MAX(1,IF(Dashboard!$C$4=YEAR(TODAY()),MONTH(TODAY()),12)) | F21: =IF(SUM($D$18:$D$22)=0,"-",D21/SUM($D$18:$D$22))
B22: Pengeluaran Uang Disan | C22: =SUMIFS(Transaksi!$F$16:$F$5015,Transaksi!$G$16:$G$5015,"Pengeluaran",Transaksi!$B$16:$B$5015,">="&DATE(Dashboard!$C$4,Dashboard!$D$4,1),Transaksi!$B$16:$B$5015,"<="&EOMONTH(DATE(Dashboard!$C$4,Dashboard!$D$4,1),0),Transaksi!$H$16:$H$5015,"Pengeluaran Uang Disan") | D22: =SUMIFS(Transaksi!$F$16:$F$5015,Transaksi!$G$16:$G$5015,"Pengeluaran",Transaksi!$B$16:$B$5015,">="&DATE(Dashboard!$C$4,1,1),Transaksi!$B$16:$B$5015,"<="&DATE(Dashboard!$C$4,12,31),Transaksi!$H$16:$H$5015,"Pengeluaran Uang Disan") | E22: =D22/MAX(1,IF(Dashboard!$C$4=YEAR(TODAY()),MONTH(TODAY()),12)) | F22: =IF(SUM($D$18:$D$22)=0,"-",D22/SUM($D$18:$D$22))
B23: Tabungan bersih (disetor − dicairkan) | C23: =(SUMIFS(Transaksi!$F$16:$F$5015,Transaksi!$G$16:$G$5015,"Tabungan",Transaksi!$D$16:$D$5015,"Keluar",Transaksi!$H$16:$H$5015,"<>Reksadana uang kos mama",Transaksi!$B$16:$B$5015,">="&DATE(Dashboard!$C$4,Dashboard!$D$4,1),Transaksi!$B$16:$B$5015,"<="&EOMONTH(DATE(Dashboard!$C$4,Dashboard!$D$4,1),0))-SUMIFS(Transaksi!$F$16:$F$5015,Transaksi!$G$16:$G$5015,"Tabungan",Transaksi!$D$16:$D$5015,"Masuk",Transaksi!$H$16:$H$5015,"<>Reksadana uang kos mama",Transaksi!$B$16:$B$5015,">="&DATE(Dashboard!$C$4,Dashboard!$D$4,1),Transaksi!$B$16:$B$5015,"<="&EOMONTH(DATE(Dashboard!$C$4,Dashboard!$D$4,1),0))) | D23: =(SUMIFS(Transaksi!$F$16:$F$5015,Transaksi!$G$16:$G$5015,"Tabungan",Transaksi!$D$16:$D$5015,"Keluar",Transaksi!$H$16:$H$5015,"<>Reksadana uang kos mama",Transaksi!$B$16:$B$5015,">="&DATE(Dashboard!$C$4,1,1),Transaksi!$B$16:$B$5015,"<="&DATE(Dashboard!$C$4,12,31))-SUMIFS(Transaksi!$F$16:$F$5015,Transaksi!$G$16:$G$5015,"Tabungan",Transaksi!$D$16:$D$5015,"Masuk",Transaksi!$H$16:$H$5015,"<>Reksadana uang kos mama",Transaksi!$B$16:$B$5015,">="&DATE(Dashboard!$C$4,1,1),Transaksi!$B$16:$B$5015,"<="&DATE(Dashboard!$C$4,12,31))) | E23: =D23/MAX(1,IF(Dashboard!$C$4=YEAR(TODAY()),MONTH(TODAY()),12)) | F23: =IF(SUM($D$18:$D$23)=0,"-",D23/SUM($D$18:$D$23))
B24: Total pengeluaran | C24: =SUM(C18:C23) | D24: =SUM(D18:D23) | E24: =SUM(E18:E23)
B26: SELISIH (pendapatan − pengeluaran) | C26: =C15-C24 | D26: =D15-D24 | E26: =E15-E24
B28: ="B. PER BULAN — TAHUN "&C4
B29: Bulan | C29: Pendapatan | D29: Pengeluaran | E29: Ditabung (bersih) | F29: Selisih | G29: Uang mama bulan ini (masuk − keluar) | H29: Saldo semua akun (akhir bulan)
B30: Januari | C30: =SUMIFS(Transaksi!$F$16:$F$5015,Transaksi!$G$16:$G$5015,"Pendapatan",Transaksi!$B$16:$B$5015,">="&DATE(Dashboard!$C$4,1,1),Transaksi!$B$16:$B$5015,"<="&EOMONTH(DATE(Dashboard!$C$4,1,1),0)) | D30: =SUMIFS(Transaksi!$F$16:$F$5015,Transaksi!$G$16:$G$5015,"Pengeluaran",Transaksi!$B$16:$B$5015,">="&DATE(Dashboard!$C$4,1,1),Transaksi!$B$16:$B$5015,"<="&EOMONTH(DATE(Dashboard!$C$4,1,1),0)) | E30: =(SUMIFS(Transaksi!$F$16:$F$5015,Transaksi!$G$16:$G$5015,"Tabungan",Transaksi!$D$16:$D$5015,"Keluar",Transaksi!$H$16:$H$5015,"<>Reksadana uang kos mama",Transaksi!$B$16:$B$5015,">="&DATE(Dashboard!$C$4,1,1),Transaksi!$B$16:$B$5015,"<="&EOMONTH(DATE(Dashboard!$C$4,1,1),0))-SUMIFS(Transaksi!$F$16:$F$5015,Transaksi!$G$16:$G$5015,"Tabungan",Transaksi!$D$16:$D$5015,"Masuk",Transaksi!$H$16:$H$5015,"<>Reksadana uang kos mama",Transaksi!$B$16:$B$5015,">="&DATE(Dashboard!$C$4,1,1),Transaksi!$B$16:$B$5015,"<="&EOMONTH(DATE(Dashboard!$C$4,1,1),0))) | F30: =C30-D30-E30 | G30: =SUMIFS(Transaksi!$F$16:$F$5015,Transaksi!$G$16:$G$5015,"Pendapatan",Transaksi!$B$16:$B$5015,">="&DATE(Dashboard!$C$4,1,1),Transaksi!$B$16:$B$5015,"<="&EOMONTH(DATE(Dashboard!$C$4,1,1),0),Transaksi!$H$16:$H$5015,"Uang Kos Mama")+SUMIFS(Transaksi!$F$16:$F$5015,Transaksi!$G$16:$G$5015,"Pendapatan",Transaksi!$B$16:$B$5015,">="&DATE(Dashboard!$C$4,1,1),Transaksi!$B$16:$B$5015,"<="&EOMONTH(DATE(Dashboard!$C$4,1,1),0),Transaksi!$H$16:$H$5015,"Uang Kedai")-SUMIFS(Transaksi!$F$16:$F$5015,Transaksi!$G$16:$G$5015,"Pengeluaran",Transaksi!$B$16:$B$5015,">="&DATE(Dashboard!$C$4,1,1),Transaksi!$B$16:$B$5015,"<="&EOMONTH(DATE(Dashboard!$C$4,1,1),0),Transaksi!$H$16:$H$5015,"Pengeluaran Uang Kos")-SUMIFS(Transaksi!$F$16:$F$5015,Transaksi!$G$16:$G$5015,"Pengeluaran",Transaksi!$B$16:$B$5015,">="&DATE(Dashboard!$C$4,1,1),Transaksi!$B$16:$B$5015,"<="&EOMONTH(DATE(Dashboard!$C$4,1,1),0),Transaksi!$H$16:$H$5015,"Pengeluaran Uang Kedai")-(SUMIFS(Transaksi!$F$16:$F$5015,Transaksi!$G$16:$G$5015,"Tabungan",Transaksi!$D$16:$D$5015,"Keluar",Transaksi!$H$16:$H$5015,"Reksadana uang kos mama",Transaksi!$B$16:$B$5015,">="&DATE(Dashboard!$C$4,1,1),Transaksi!$B$16:$B$5015,"<="&EOMONTH(DATE(Dashboard!$C$4,1,1),0))-SUMIFS(Transaksi!$F$16:$F$5015,Transaksi!$G$16:$G$5015,"Tabungan",Transaksi!$D$16:$D$5015,"Masuk",Transaksi!$H$16:$H$5015,"Reksadana uang kos mama",Transaksi!$B$16:$B$5015,">="&DATE(Dashboard!$C$4,1,1),Transaksi!$B$16:$B$5015,"<="&EOMONTH(DATE(Dashboard!$C$4,1,1),0))) | H30: =IF(DATE(Dashboard!$C$4,1,1)>TODAY(),"",SUMPRODUCT((Akun!$A$5:$A$104<>"")*1,Akun!$C$5:$C$104,--(Akun!$D$5:$D$104<=EOMONTH(DATE(Dashboard!$C$4,1,1),0)))+SUMIFS(Transaksi!$F$16:$F$5015,Transaksi!$D$16:$D$5015,"Masuk",Transaksi!$B$16:$B$5015,"<="&EOMONTH(DATE(Dashboard!$C$4,1,1),0))-SUMIFS(Transaksi!$F$16:$F$5015,Transaksi!$D$16:$D$5015,"Keluar",Transaksi!$B$16:$B$5015,"<="&EOMONTH(DATE(Dashboard!$C$4,1,1),0)))
B31: Februari | C31: =SUMIFS(Transaksi!$F$16:$F$5015,Transaksi!$G$16:$G$5015,"Pendapatan",Transaksi!$B$16:$B$5015,">="&DATE(Dashboard!$C$4,2,1),Transaksi!$B$16:$B$5015,"<="&EOMONTH(DATE(Dashboard!$C$4,2,1),0)) | D31: =SUMIFS(Transaksi!$F$16:$F$5015,Transaksi!$G$16:$G$5015,"Pengeluaran",Transaksi!$B$16:$B$5015,">="&DATE(Dashboard!$C$4,2,1),Transaksi!$B$16:$B$5015,"<="&EOMONTH(DATE(Dashboard!$C$4,2,1),0)) | E31: =(SUMIFS(Transaksi!$F$16:$F$5015,Transaksi!$G$16:$G$5015,"Tabungan",Transaksi!$D$16:$D$5015,"Keluar",Transaksi!$H$16:$H$5015,"<>Reksadana uang kos mama",Transaksi!$B$16:$B$5015,">="&DATE(Dashboard!$C$4,2,1),Transaksi!$B$16:$B$5015,"<="&EOMONTH(DATE(Dashboard!$C$4,2,1),0))-SUMIFS(Transaksi!$F$16:$F$5015,Transaksi!$G$16:$G$5015,"Tabungan",Transaksi!$D$16:$D$5015,"Masuk",Transaksi!$H$16:$H$5015,"<>Reksadana uang kos mama",Transaksi!$B$16:$B$5015,">="&DATE(Dashboard!$C$4,2,1),Transaksi!$B$16:$B$5015,"<="&EOMONTH(DATE(Dashboard!$C$4,2,1),0))) | F31: =C31-D31-E31 | G31: =SUMIFS(Transaksi!$F$16:$F$5015,Transaksi!$G$16:$G$5015,"Pendapatan",Transaksi!$B$16:$B$5015,">="&DATE(Dashboard!$C$4,2,1),Transaksi!$B$16:$B$5015,"<="&EOMONTH(DATE(Dashboard!$C$4,2,1),0),Transaksi!$H$16:$H$5015,"Uang Kos Mama")+SUMIFS(Transaksi!$F$16:$F$5015,Transaksi!$G$16:$G$5015,"Pendapatan",Transaksi!$B$16:$B$5015,">="&DATE(Dashboard!$C$4,2,1),Transaksi!$B$16:$B$5015,"<="&EOMONTH(DATE(Dashboard!$C$4,2,1),0),Transaksi!$H$16:$H$5015,"Uang Kedai")-SUMIFS(Transaksi!$F$16:$F$5015,Transaksi!$G$16:$G$5015,"Pengeluaran",Transaksi!$B$16:$B$5015,">="&DATE(Dashboard!$C$4,2,1),Transaksi!$B$16:$B$5015,"<="&EOMONTH(DATE(Dashboard!$C$4,2,1),0),Transaksi!$H$16:$H$5015,"Pengeluaran Uang Kos")-SUMIFS(Transaksi!$F$16:$F$5015,Transaksi!$G$16:$G$5015,"Pengeluaran",Transaksi!$B$16:$B$5015,">="&DATE(Dashboard!$C$4,2,1),Transaksi!$B$16:$B$5015,"<="&EOMONTH(DATE(Dashboard!$C$4,2,1),0),Transaksi!$H$16:$H$5015,"Pengeluaran Uang Kedai")-(SUMIFS(Transaksi!$F$16:$F$5015,Transaksi!$G$16:$G$5015,"Tabungan",Transaksi!$D$16:$D$5015,"Keluar",Transaksi!$H$16:$H$5015,"Reksadana uang kos mama",Transaksi!$B$16:$B$5015,">="&DATE(Dashboard!$C$4,2,1),Transaksi!$B$16:$B$5015,"<="&EOMONTH(DATE(Dashboard!$C$4,2,1),0))-SUMIFS(Transaksi!$F$16:$F$5015,Transaksi!$G$16:$G$5015,"Tabungan",Transaksi!$D$16:$D$5015,"Masuk",Transaksi!$H$16:$H$5015,"Reksadana uang kos mama",Transaksi!$B$16:$B$5015,">="&DATE(Dashboard!$C$4,2,1),Transaksi!$B$16:$B$5015,"<="&EOMONTH(DATE(Dashboard!$C$4,2,1),0))) | H31: =IF(DATE(Dashboard!$C$4,2,1)>TODAY(),"",SUMPRODUCT((Akun!$A$5:$A$104<>"")*1,Akun!$C$5:$C$104,--(Akun!$D$5:$D$104<=EOMONTH(DATE(Dashboard!$C$4,2,1),0)))+SUMIFS(Transaksi!$F$16:$F$5015,Transaksi!$D$16:$D$5015,"Masuk",Transaksi!$B$16:$B$5015,"<="&EOMONTH(DATE(Dashboard!$C$4,2,1),0))-SUMIFS(Transaksi!$F$16:$F$5015,Transaksi!$D$16:$D$5015,"Keluar",Transaksi!$B$16:$B$5015,"<="&EOMONTH(DATE(Dashboard!$C$4,2,1),0)))
B32: Maret | C32: =SUMIFS(Transaksi!$F$16:$F$5015,Transaksi!$G$16:$G$5015,"Pendapatan",Transaksi!$B$16:$B$5015,">="&DATE(Dashboard!$C$4,3,1),Transaksi!$B$16:$B$5015,"<="&EOMONTH(DATE(Dashboard!$C$4,3,1),0)) | D32: =SUMIFS(Transaksi!$F$16:$F$5015,Transaksi!$G$16:$G$5015,"Pengeluaran",Transaksi!$B$16:$B$5015,">="&DATE(Dashboard!$C$4,3,1),Transaksi!$B$16:$B$5015,"<="&EOMONTH(DATE(Dashboard!$C$4,3,1),0)) | E32: =(SUMIFS(Transaksi!$F$16:$F$5015,Transaksi!$G$16:$G$5015,"Tabungan",Transaksi!$D$16:$D$5015,"Keluar",Transaksi!$H$16:$H$5015,"<>Reksadana uang kos mama",Transaksi!$B$16:$B$5015,">="&DATE(Dashboard!$C$4,3,1),Transaksi!$B$16:$B$5015,"<="&EOMONTH(DATE(Dashboard!$C$4,3,1),0))-SUMIFS(Transaksi!$F$16:$F$5015,Transaksi!$G$16:$G$5015,"Tabungan",Transaksi!$D$16:$D$5015,"Masuk",Transaksi!$H$16:$H$5015,"<>Reksadana uang kos mama",Transaksi!$B$16:$B$5015,">="&DATE(Dashboard!$C$4,3,1),Transaksi!$B$16:$B$5015,"<="&EOMONTH(DATE(Dashboard!$C$4,3,1),0))) | F32: =C32-D32-E32 | G32: =SUMIFS(Transaksi!$F$16:$F$5015,Transaksi!$G$16:$G$5015,"Pendapatan",Transaksi!$B$16:$B$5015,">="&DATE(Dashboard!$C$4,3,1),Transaksi!$B$16:$B$5015,"<="&EOMONTH(DATE(Dashboard!$C$4,3,1),0),Transaksi!$H$16:$H$5015,"Uang Kos Mama")+SUMIFS(Transaksi!$F$16:$F$5015,Transaksi!$G$16:$G$5015,"Pendapatan",Transaksi!$B$16:$B$5015,">="&DATE(Dashboard!$C$4,3,1),Transaksi!$B$16:$B$5015,"<="&EOMONTH(DATE(Dashboard!$C$4,3,1),0),Transaksi!$H$16:$H$5015,"Uang Kedai")-SUMIFS(Transaksi!$F$16:$F$5015,Transaksi!$G$16:$G$5015,"Pengeluaran",Transaksi!$B$16:$B$5015,">="&DATE(Dashboard!$C$4,3,1),Transaksi!$B$16:$B$5015,"<="&EOMONTH(DATE(Dashboard!$C$4,3,1),0),Transaksi!$H$16:$H$5015,"Pengeluaran Uang Kos")-SUMIFS(Transaksi!$F$16:$F$5015,Transaksi!$G$16:$G$5015,"Pengeluaran",Transaksi!$B$16:$B$5015,">="&DATE(Dashboard!$C$4,3,1),Transaksi!$B$16:$B$5015,"<="&EOMONTH(DATE(Dashboard!$C$4,3,1),0),Transaksi!$H$16:$H$5015,"Pengeluaran Uang Kedai")-(SUMIFS(Transaksi!$F$16:$F$5015,Transaksi!$G$16:$G$5015,"Tabungan",Transaksi!$D$16:$D$5015,"Keluar",Transaksi!$H$16:$H$5015,"Reksadana uang kos mama",Transaksi!$B$16:$B$5015,">="&DATE(Dashboard!$C$4,3,1),Transaksi!$B$16:$B$5015,"<="&EOMONTH(DATE(Dashboard!$C$4,3,1),0))-SUMIFS(Transaksi!$F$16:$F$5015,Transaksi!$G$16:$G$5015,"Tabungan",Transaksi!$D$16:$D$5015,"Masuk",Transaksi!$H$16:$H$5015,"Reksadana uang kos mama",Transaksi!$B$16:$B$5015,">="&DATE(Dashboard!$C$4,3,1),Transaksi!$B$16:$B$5015,"<="&EOMONTH(DATE(Dashboard!$C$4,3,1),0))) | H32: =IF(DATE(Dashboard!$C$4,3,1)>TODAY(),"",SUMPRODUCT((Akun!$A$5:$A$104<>"")*1,Akun!$C$5:$C$104,--(Akun!$D$5:$D$104<=EOMONTH(DATE(Dashboard!$C$4,3,1),0)))+SUMIFS(Transaksi!$F$16:$F$5015,Transaksi!$D$16:$D$5015,"Masuk",Transaksi!$B$16:$B$5015,"<="&EOMONTH(DATE(Dashboard!$C$4,3,1),0))-SUMIFS(Transaksi!$F$16:$F$5015,Transaksi!$D$16:$D$5015,"Keluar",Transaksi!$B$16:$B$5015,"<="&EOMONTH(DATE(Dashboard!$C$4,3,1),0)))
B33: April | C33: =SUMIFS(Transaksi!$F$16:$F$5015,Transaksi!$G$16:$G$5015,"Pendapatan",Transaksi!$B$16:$B$5015,">="&DATE(Dashboard!$C$4,4,1),Transaksi!$B$16:$B$5015,"<="&EOMONTH(DATE(Dashboard!$C$4,4,1),0)) | D33: =SUMIFS(Transaksi!$F$16:$F$5015,Transaksi!$G$16:$G$5015,"Pengeluaran",Transaksi!$B$16:$B$5015,">="&DATE(Dashboard!$C$4,4,1),Transaksi!$B$16:$B$5015,"<="&EOMONTH(DATE(Dashboard!$C$4,4,1),0)) | E33: =(SUMIFS(Transaksi!$F$16:$F$5015,Transaksi!$G$16:$G$5015,"Tabungan",Transaksi!$D$16:$D$5015,"Keluar",Transaksi!$H$16:$H$5015,"<>Reksadana uang kos mama",Transaksi!$B$16:$B$5015,">="&DATE(Dashboard!$C$4,4,1),Transaksi!$B$16:$B$5015,"<="&EOMONTH(DATE(Dashboard!$C$4,4,1),0))-SUMIFS(Transaksi!$F$16:$F$5015,Transaksi!$G$16:$G$5015,"Tabungan",Transaksi!$D$16:$D$5015,"Masuk",Transaksi!$H$16:$H$5015,"<>Reksadana uang kos mama",Transaksi!$B$16:$B$5015,">="&DATE(Dashboard!$C$4,4,1),Transaksi!$B$16:$B$5015,"<="&EOMONTH(DATE(Dashboard!$C$4,4,1),0))) | F33: =C33-D33-E33 | G33: =SUMIFS(Transaksi!$F$16:$F$5015,Transaksi!$G$16:$G$5015,"Pendapatan",Transaksi!$B$16:$B$5015,">="&DATE(Dashboard!$C$4,4,1),Transaksi!$B$16:$B$5015,"<="&EOMONTH(DATE(Dashboard!$C$4,4,1),0),Transaksi!$H$16:$H$5015,"Uang Kos Mama")+SUMIFS(Transaksi!$F$16:$F$5015,Transaksi!$G$16:$G$5015,"Pendapatan",Transaksi!$B$16:$B$5015,">="&DATE(Dashboard!$C$4,4,1),Transaksi!$B$16:$B$5015,"<="&EOMONTH(DATE(Dashboard!$C$4,4,1),0),Transaksi!$H$16:$H$5015,"Uang Kedai")-SUMIFS(Transaksi!$F$16:$F$5015,Transaksi!$G$16:$G$5015,"Pengeluaran",Transaksi!$B$16:$B$5015,">="&DATE(Dashboard!$C$4,4,1),Transaksi!$B$16:$B$5015,"<="&EOMONTH(DATE(Dashboard!$C$4,4,1),0),Transaksi!$H$16:$H$5015,"Pengeluaran Uang Kos")-SUMIFS(Transaksi!$F$16:$F$5015,Transaksi!$G$16:$G$5015,"Pengeluaran",Transaksi!$B$16:$B$5015,">="&DATE(Dashboard!$C$4,4,1),Transaksi!$B$16:$B$5015,"<="&EOMONTH(DATE(Dashboard!$C$4,4,1),0),Transaksi!$H$16:$H$5015,"Pengeluaran Uang Kedai")-(SUMIFS(Transaksi!$F$16:$F$5015,Transaksi!$G$16:$G$5015,"Tabungan",Transaksi!$D$16:$D$5015,"Keluar",Transaksi!$H$16:$H$5015,"Reksadana uang kos mama",Transaksi!$B$16:$B$5015,">="&DATE(Dashboard!$C$4,4,1),Transaksi!$B$16:$B$5015,"<="&EOMONTH(DATE(Dashboard!$C$4,4,1),0))-SUMIFS(Transaksi!$F$16:$F$5015,Transaksi!$G$16:$G$5015,"Tabungan",Transaksi!$D$16:$D$5015,"Masuk",Transaksi!$H$16:$H$5015,"Reksadana uang kos mama",Transaksi!$B$16:$B$5015,">="&DATE(Dashboard!$C$4,4,1),Transaksi!$B$16:$B$5015,"<="&EOMONTH(DATE(Dashboard!$C$4,4,1),0))) | H33: =IF(DATE(Dashboard!$C$4,4,1)>TODAY(),"",SUMPRODUCT((Akun!$A$5:$A$104<>"")*1,Akun!$C$5:$C$104,--(Akun!$D$5:$D$104<=EOMONTH(DATE(Dashboard!$C$4,4,1),0)))+SUMIFS(Transaksi!$F$16:$F$5015,Transaksi!$D$16:$D$5015,"Masuk",Transaksi!$B$16:$B$5015,"<="&EOMONTH(DATE(Dashboard!$C$4,4,1),0))-SUMIFS(Transaksi!$F$16:$F$5015,Transaksi!$D$16:$D$5015,"Keluar",Transaksi!$B$16:$B$5015,"<="&EOMONTH(DATE(Dashboard!$C$4,4,1),0)))
B34: Mei | C34: =SUMIFS(Transaksi!$F$16:$F$5015,Transaksi!$G$16:$G$5015,"Pendapatan",Transaksi!$B$16:$B$5015,">="&DATE(Dashboard!$C$4,5,1),Transaksi!$B$16:$B$5015,"<="&EOMONTH(DATE(Dashboard!$C$4,5,1),0)) | D34: =SUMIFS(Transaksi!$F$16:$F$5015,Transaksi!$G$16:$G$5015,"Pengeluaran",Transaksi!$B$16:$B$5015,">="&DATE(Dashboard!$C$4,5,1),Transaksi!$B$16:$B$5015,"<="&EOMONTH(DATE(Dashboard!$C$4,5,1),0)) | E34: =(SUMIFS(Transaksi!$F$16:$F$5015,Transaksi!$G$16:$G$5015,"Tabungan",Transaksi!$D$16:$D$5015,"Keluar",Transaksi!$H$16:$H$5015,"<>Reksadana uang kos mama",Transaksi!$B$16:$B$5015,">="&DATE(Dashboard!$C$4,5,1),Transaksi!$B$16:$B$5015,"<="&EOMONTH(DATE(Dashboard!$C$4,5,1),0))-SUMIFS(Transaksi!$F$16:$F$5015,Transaksi!$G$16:$G$5015,"Tabungan",Transaksi!$D$16:$D$5015,"Masuk",Transaksi!$H$16:$H$5015,"<>Reksadana uang kos mama",Transaksi!$B$16:$B$5015,">="&DATE(Dashboard!$C$4,5,1),Transaksi!$B$16:$B$5015,"<="&EOMONTH(DATE(Dashboard!$C$4,5,1),0))) | F34: =C34-D34-E34 | G34: =SUMIFS(Transaksi!$F$16:$F$5015,Transaksi!$G$16:$G$5015,"Pendapatan",Transaksi!$B$16:$B$5015,">="&DATE(Dashboard!$C$4,5,1),Transaksi!$B$16:$B$5015,"<="&EOMONTH(DATE(Dashboard!$C$4,5,1),0),Transaksi!$H$16:$H$5015,"Uang Kos Mama")+SUMIFS(Transaksi!$F$16:$F$5015,Transaksi!$G$16:$G$5015,"Pendapatan",Transaksi!$B$16:$B$5015,">="&DATE(Dashboard!$C$4,5,1),Transaksi!$B$16:$B$5015,"<="&EOMONTH(DATE(Dashboard!$C$4,5,1),0),Transaksi!$H$16:$H$5015,"Uang Kedai")-SUMIFS(Transaksi!$F$16:$F$5015,Transaksi!$G$16:$G$5015,"Pengeluaran",Transaksi!$B$16:$B$5015,">="&DATE(Dashboard!$C$4,5,1),Transaksi!$B$16:$B$5015,"<="&EOMONTH(DATE(Dashboard!$C$4,5,1),0),Transaksi!$H$16:$H$5015,"Pengeluaran Uang Kos")-SUMIFS(Transaksi!$F$16:$F$5015,Transaksi!$G$16:$G$5015,"Pengeluaran",Transaksi!$B$16:$B$5015,">="&DATE(Dashboard!$C$4,5,1),Transaksi!$B$16:$B$5015,"<="&EOMONTH(DATE(Dashboard!$C$4,5,1),0),Transaksi!$H$16:$H$5015,"Pengeluaran Uang Kedai")-(SUMIFS(Transaksi!$F$16:$F$5015,Transaksi!$G$16:$G$5015,"Tabungan",Transaksi!$D$16:$D$5015,"Keluar",Transaksi!$H$16:$H$5015,"Reksadana uang kos mama",Transaksi!$B$16:$B$5015,">="&DATE(Dashboard!$C$4,5,1),Transaksi!$B$16:$B$5015,"<="&EOMONTH(DATE(Dashboard!$C$4,5,1),0))-SUMIFS(Transaksi!$F$16:$F$5015,Transaksi!$G$16:$G$5015,"Tabungan",Transaksi!$D$16:$D$5015,"Masuk",Transaksi!$H$16:$H$5015,"Reksadana uang kos mama",Transaksi!$B$16:$B$5015,">="&DATE(Dashboard!$C$4,5,1),Transaksi!$B$16:$B$5015,"<="&EOMONTH(DATE(Dashboard!$C$4,5,1),0))) | H34: =IF(DATE(Dashboard!$C$4,5,1)>TODAY(),"",SUMPRODUCT((Akun!$A$5:$A$104<>"")*1,Akun!$C$5:$C$104,--(Akun!$D$5:$D$104<=EOMONTH(DATE(Dashboard!$C$4,5,1),0)))+SUMIFS(Transaksi!$F$16:$F$5015,Transaksi!$D$16:$D$5015,"Masuk",Transaksi!$B$16:$B$5015,"<="&EOMONTH(DATE(Dashboard!$C$4,5,1),0))-SUMIFS(Transaksi!$F$16:$F$5015,Transaksi!$D$16:$D$5015,"Keluar",Transaksi!$B$16:$B$5015,"<="&EOMONTH(DATE(Dashboard!$C$4,5,1),0)))
B35: Juni | C35: =SUMIFS(Transaksi!$F$16:$F$5015,Transaksi!$G$16:$G$5015,"Pendapatan",Transaksi!$B$16:$B$5015,">="&DATE(Dashboard!$C$4,6,1),Transaksi!$B$16:$B$5015,"<="&EOMONTH(DATE(Dashboard!$C$4,6,1),0)) | D35: =SUMIFS(Transaksi!$F$16:$F$5015,Transaksi!$G$16:$G$5015,"Pengeluaran",Transaksi!$B$16:$B$5015,">="&DATE(Dashboard!$C$4,6,1),Transaksi!$B$16:$B$5015,"<="&EOMONTH(DATE(Dashboard!$C$4,6,1),0)) | E35: =(SUMIFS(Transaksi!$F$16:$F$5015,Transaksi!$G$16:$G$5015,"Tabungan",Transaksi!$D$16:$D$5015,"Keluar",Transaksi!$H$16:$H$5015,"<>Reksadana uang kos mama",Transaksi!$B$16:$B$5015,">="&DATE(Dashboard!$C$4,6,1),Transaksi!$B$16:$B$5015,"<="&EOMONTH(DATE(Dashboard!$C$4,6,1),0))-SUMIFS(Transaksi!$F$16:$F$5015,Transaksi!$G$16:$G$5015,"Tabungan",Transaksi!$D$16:$D$5015,"Masuk",Transaksi!$H$16:$H$5015,"<>Reksadana uang kos mama",Transaksi!$B$16:$B$5015,">="&DATE(Dashboard!$C$4,6,1),Transaksi!$B$16:$B$5015,"<="&EOMONTH(DATE(Dashboard!$C$4,6,1),0))) | F35: =C35-D35-E35 | G35: =SUMIFS(Transaksi!$F$16:$F$5015,Transaksi!$G$16:$G$5015,"Pendapatan",Transaksi!$B$16:$B$5015,">="&DATE(Dashboard!$C$4,6,1),Transaksi!$B$16:$B$5015,"<="&EOMONTH(DATE(Dashboard!$C$4,6,1),0),Transaksi!$H$16:$H$5015,"Uang Kos Mama")+SUMIFS(Transaksi!$F$16:$F$5015,Transaksi!$G$16:$G$5015,"Pendapatan",Transaksi!$B$16:$B$5015,">="&DATE(Dashboard!$C$4,6,1),Transaksi!$B$16:$B$5015,"<="&EOMONTH(DATE(Dashboard!$C$4,6,1),0),Transaksi!$H$16:$H$5015,"Uang Kedai")-SUMIFS(Transaksi!$F$16:$F$5015,Transaksi!$G$16:$G$5015,"Pengeluaran",Transaksi!$B$16:$B$5015,">="&DATE(Dashboard!$C$4,6,1),Transaksi!$B$16:$B$5015,"<="&EOMONTH(DATE(Dashboard!$C$4,6,1),0),Transaksi!$H$16:$H$5015,"Pengeluaran Uang Kos")-SUMIFS(Transaksi!$F$16:$F$5015,Transaksi!$G$16:$G$5015,"Pengeluaran",Transaksi!$B$16:$B$5015,">="&DATE(Dashboard!$C$4,6,1),Transaksi!$B$16:$B$5015,"<="&EOMONTH(DATE(Dashboard!$C$4,6,1),0),Transaksi!$H$16:$H$5015,"Pengeluaran Uang Kedai")-(SUMIFS(Transaksi!$F$16:$F$5015,Transaksi!$G$16:$G$5015,"Tabungan",Transaksi!$D$16:$D$5015,"Keluar",Transaksi!$H$16:$H$5015,"Reksadana uang kos mama",Transaksi!$B$16:$B$5015,">="&DATE(Dashboard!$C$4,6,1),Transaksi!$B$16:$B$5015,"<="&EOMONTH(DATE(Dashboard!$C$4,6,1),0))-SUMIFS(Transaksi!$F$16:$F$5015,Transaksi!$G$16:$G$5015,"Tabungan",Transaksi!$D$16:$D$5015,"Masuk",Transaksi!$H$16:$H$5015,"Reksadana uang kos mama",Transaksi!$B$16:$B$5015,">="&DATE(Dashboard!$C$4,6,1),Transaksi!$B$16:$B$5015,"<="&EOMONTH(DATE(Dashboard!$C$4,6,1),0))) | H35: =IF(DATE(Dashboard!$C$4,6,1)>TODAY(),"",SUMPRODUCT((Akun!$A$5:$A$104<>"")*1,Akun!$C$5:$C$104,--(Akun!$D$5:$D$104<=EOMONTH(DATE(Dashboard!$C$4,6,1),0)))+SUMIFS(Transaksi!$F$16:$F$5015,Transaksi!$D$16:$D$5015,"Masuk",Transaksi!$B$16:$B$5015,"<="&EOMONTH(DATE(Dashboard!$C$4,6,1),0))-SUMIFS(Transaksi!$F$16:$F$5015,Transaksi!$D$16:$D$5015,"Keluar",Transaksi!$B$16:$B$5015,"<="&EOMONTH(DATE(Dashboard!$C$4,6,1),0)))
B36: Juli | C36: =SUMIFS(Transaksi!$F$16:$F$5015,Transaksi!$G$16:$G$5015,"Pendapatan",Transaksi!$B$16:$B$5015,">="&DATE(Dashboard!$C$4,7,1),Transaksi!$B$16:$B$5015,"<="&EOMONTH(DATE(Dashboard!$C$4,7,1),0)) | D36: =SUMIFS(Transaksi!$F$16:$F$5015,Transaksi!$G$16:$G$5015,"Pengeluaran",Transaksi!$B$16:$B$5015,">="&DATE(Dashboard!$C$4,7,1),Transaksi!$B$16:$B$5015,"<="&EOMONTH(DATE(Dashboard!$C$4,7,1),0)) | E36: =(SUMIFS(Transaksi!$F$16:$F$5015,Transaksi!$G$16:$G$5015,"Tabungan",Transaksi!$D$16:$D$5015,"Keluar",Transaksi!$H$16:$H$5015,"<>Reksadana uang kos mama",Transaksi!$B$16:$B$5015,">="&DATE(Dashboard!$C$4,7,1),Transaksi!$B$16:$B$5015,"<="&EOMONTH(DATE(Dashboard!$C$4,7,1),0))-SUMIFS(Transaksi!$F$16:$F$5015,Transaksi!$G$16:$G$5015,"Tabungan",Transaksi!$D$16:$D$5015,"Masuk",Transaksi!$H$16:$H$5015,"<>Reksadana uang kos mama",Transaksi!$B$16:$B$5015,">="&DATE(Dashboard!$C$4,7,1),Transaksi!$B$16:$B$5015,"<="&EOMONTH(DATE(Dashboard!$C$4,7,1),0))) | F36: =C36-D36-E36 | G36: =SUMIFS(Transaksi!$F$16:$F$5015,Transaksi!$G$16:$G$5015,"Pendapatan",Transaksi!$B$16:$B$5015,">="&DATE(Dashboard!$C$4,7,1),Transaksi!$B$16:$B$5015,"<="&EOMONTH(DATE(Dashboard!$C$4,7,1),0),Transaksi!$H$16:$H$5015,"Uang Kos Mama")+SUMIFS(Transaksi!$F$16:$F$5015,Transaksi!$G$16:$G$5015,"Pendapatan",Transaksi!$B$16:$B$5015,">="&DATE(Dashboard!$C$4,7,1),Transaksi!$B$16:$B$5015,"<="&EOMONTH(DATE(Dashboard!$C$4,7,1),0),Transaksi!$H$16:$H$5015,"Uang Kedai")-SUMIFS(Transaksi!$F$16:$F$5015,Transaksi!$G$16:$G$5015,"Pengeluaran",Transaksi!$B$16:$B$5015,">="&DATE(Dashboard!$C$4,7,1),Transaksi!$B$16:$B$5015,"<="&EOMONTH(DATE(Dashboard!$C$4,7,1),0),Transaksi!$H$16:$H$5015,"Pengeluaran Uang Kos")-SUMIFS(Transaksi!$F$16:$F$5015,Transaksi!$G$16:$G$5015,"Pengeluaran",Transaksi!$B$16:$B$5015,">="&DATE(Dashboard!$C$4,7,1),Transaksi!$B$16:$B$5015,"<="&EOMONTH(DATE(Dashboard!$C$4,7,1),0),Transaksi!$H$16:$H$5015,"Pengeluaran Uang Kedai")-(SUMIFS(Transaksi!$F$16:$F$5015,Transaksi!$G$16:$G$5015,"Tabungan",Transaksi!$D$16:$D$5015,"Keluar",Transaksi!$H$16:$H$5015,"Reksadana uang kos mama",Transaksi!$B$16:$B$5015,">="&DATE(Dashboard!$C$4,7,1),Transaksi!$B$16:$B$5015,"<="&EOMONTH(DATE(Dashboard!$C$4,7,1),0))-SUMIFS(Transaksi!$F$16:$F$5015,Transaksi!$G$16:$G$5015,"Tabungan",Transaksi!$D$16:$D$5015,"Masuk",Transaksi!$H$16:$H$5015,"Reksadana uang kos mama",Transaksi!$B$16:$B$5015,">="&DATE(Dashboard!$C$4,7,1),Transaksi!$B$16:$B$5015,"<="&EOMONTH(DATE(Dashboard!$C$4,7,1),0))) | H36: =IF(DATE(Dashboard!$C$4,7,1)>TODAY(),"",SUMPRODUCT((Akun!$A$5:$A$104<>"")*1,Akun!$C$5:$C$104,--(Akun!$D$5:$D$104<=EOMONTH(DATE(Dashboard!$C$4,7,1),0)))+SUMIFS(Transaksi!$F$16:$F$5015,Transaksi!$D$16:$D$5015,"Masuk",Transaksi!$B$16:$B$5015,"<="&EOMONTH(DATE(Dashboard!$C$4,7,1),0))-SUMIFS(Transaksi!$F$16:$F$5015,Transaksi!$D$16:$D$5015,"Keluar",Transaksi!$B$16:$B$5015,"<="&EOMONTH(DATE(Dashboard!$C$4,7,1),0)))
B37: Agustus | C37: =SUMIFS(Transaksi!$F$16:$F$5015,Transaksi!$G$16:$G$5015,"Pendapatan",Transaksi!$B$16:$B$5015,">="&DATE(Dashboard!$C$4,8,1),Transaksi!$B$16:$B$5015,"<="&EOMONTH(DATE(Dashboard!$C$4,8,1),0)) | D37: =SUMIFS(Transaksi!$F$16:$F$5015,Transaksi!$G$16:$G$5015,"Pengeluaran",Transaksi!$B$16:$B$5015,">="&DATE(Dashboard!$C$4,8,1),Transaksi!$B$16:$B$5015,"<="&EOMONTH(DATE(Dashboard!$C$4,8,1),0)) | E37: =(SUMIFS(Transaksi!$F$16:$F$5015,Transaksi!$G$16:$G$5015,"Tabungan",Transaksi!$D$16:$D$5015,"Keluar",Transaksi!$H$16:$H$5015,"<>Reksadana uang kos mama",Transaksi!$B$16:$B$5015,">="&DATE(Dashboard!$C$4,8,1),Transaksi!$B$16:$B$5015,"<="&EOMONTH(DATE(Dashboard!$C$4,8,1),0))-SUMIFS(Transaksi!$F$16:$F$5015,Transaksi!$G$16:$G$5015,"Tabungan",Transaksi!$D$16:$D$5015,"Masuk",Transaksi!$H$16:$H$5015,"<>Reksadana uang kos mama",Transaksi!$B$16:$B$5015,">="&DATE(Dashboard!$C$4,8,1),Transaksi!$B$16:$B$5015,"<="&EOMONTH(DATE(Dashboard!$C$4,8,1),0))) | F37: =C37-D37-E37 | G37: =SUMIFS(Transaksi!$F$16:$F$5015,Transaksi!$G$16:$G$5015,"Pendapatan",Transaksi!$B$16:$B$5015,">="&DATE(Dashboard!$C$4,8,1),Transaksi!$B$16:$B$5015,"<="&EOMONTH(DATE(Dashboard!$C$4,8,1),0),Transaksi!$H$16:$H$5015,"Uang Kos Mama")+SUMIFS(Transaksi!$F$16:$F$5015,Transaksi!$G$16:$G$5015,"Pendapatan",Transaksi!$B$16:$B$5015,">="&DATE(Dashboard!$C$4,8,1),Transaksi!$B$16:$B$5015,"<="&EOMONTH(DATE(Dashboard!$C$4,8,1),0),Transaksi!$H$16:$H$5015,"Uang Kedai")-SUMIFS(Transaksi!$F$16:$F$5015,Transaksi!$G$16:$G$5015,"Pengeluaran",Transaksi!$B$16:$B$5015,">="&DATE(Dashboard!$C$4,8,1),Transaksi!$B$16:$B$5015,"<="&EOMONTH(DATE(Dashboard!$C$4,8,1),0),Transaksi!$H$16:$H$5015,"Pengeluaran Uang Kos")-SUMIFS(Transaksi!$F$16:$F$5015,Transaksi!$G$16:$G$5015,"Pengeluaran",Transaksi!$B$16:$B$5015,">="&DATE(Dashboard!$C$4,8,1),Transaksi!$B$16:$B$5015,"<="&EOMONTH(DATE(Dashboard!$C$4,8,1),0),Transaksi!$H$16:$H$5015,"Pengeluaran Uang Kedai")-(SUMIFS(Transaksi!$F$16:$F$5015,Transaksi!$G$16:$G$5015,"Tabungan",Transaksi!$D$16:$D$5015,"Keluar",Transaksi!$H$16:$H$5015,"Reksadana uang kos mama",Transaksi!$B$16:$B$5015,">="&DATE(Dashboard!$C$4,8,1),Transaksi!$B$16:$B$5015,"<="&EOMONTH(DATE(Dashboard!$C$4,8,1),0))-SUMIFS(Transaksi!$F$16:$F$5015,Transaksi!$G$16:$G$5015,"Tabungan",Transaksi!$D$16:$D$5015,"Masuk",Transaksi!$H$16:$H$5015,"Reksadana uang kos mama",Transaksi!$B$16:$B$5015,">="&DATE(Dashboard!$C$4,8,1),Transaksi!$B$16:$B$5015,"<="&EOMONTH(DATE(Dashboard!$C$4,8,1),0))) | H37: =IF(DATE(Dashboard!$C$4,8,1)>TODAY(),"",SUMPRODUCT((Akun!$A$5:$A$104<>"")*1,Akun!$C$5:$C$104,--(Akun!$D$5:$D$104<=EOMONTH(DATE(Dashboard!$C$4,8,1),0)))+SUMIFS(Transaksi!$F$16:$F$5015,Transaksi!$D$16:$D$5015,"Masuk",Transaksi!$B$16:$B$5015,"<="&EOMONTH(DATE(Dashboard!$C$4,8,1),0))-SUMIFS(Transaksi!$F$16:$F$5015,Transaksi!$D$16:$D$5015,"Keluar",Transaksi!$B$16:$B$5015,"<="&EOMONTH(DATE(Dashboard!$C$4,8,1),0)))
B38: September | C38: =SUMIFS(Transaksi!$F$16:$F$5015,Transaksi!$G$16:$G$5015,"Pendapatan",Transaksi!$B$16:$B$5015,">="&DATE(Dashboard!$C$4,9,1),Transaksi!$B$16:$B$5015,"<="&EOMONTH(DATE(Dashboard!$C$4,9,1),0)) | D38: =SUMIFS(Transaksi!$F$16:$F$5015,Transaksi!$G$16:$G$5015,"Pengeluaran",Transaksi!$B$16:$B$5015,">="&DATE(Dashboard!$C$4,9,1),Transaksi!$B$16:$B$5015,"<="&EOMONTH(DATE(Dashboard!$C$4,9,1),0)) | E38: =(SUMIFS(Transaksi!$F$16:$F$5015,Transaksi!$G$16:$G$5015,"Tabungan",Transaksi!$D$16:$D$5015,"Keluar",Transaksi!$H$16:$H$5015,"<>Reksadana uang kos mama",Transaksi!$B$16:$B$5015,">="&DATE(Dashboard!$C$4,9,1),Transaksi!$B$16:$B$5015,"<="&EOMONTH(DATE(Dashboard!$C$4,9,1),0))-SUMIFS(Transaksi!$F$16:$F$5015,Transaksi!$G$16:$G$5015,"Tabungan",Transaksi!$D$16:$D$5015,"Masuk",Transaksi!$H$16:$H$5015,"<>Reksadana uang kos mama",Transaksi!$B$16:$B$5015,">="&DATE(Dashboard!$C$4,9,1),Transaksi!$B$16:$B$5015,"<="&EOMONTH(DATE(Dashboard!$C$4,9,1),0))) | F38: =C38-D38-E38 | G38: =SUMIFS(Transaksi!$F$16:$F$5015,Transaksi!$G$16:$G$5015,"Pendapatan",Transaksi!$B$16:$B$5015,">="&DATE(Dashboard!$C$4,9,1),Transaksi!$B$16:$B$5015,"<="&EOMONTH(DATE(Dashboard!$C$4,9,1),0),Transaksi!$H$16:$H$5015,"Uang Kos Mama")+SUMIFS(Transaksi!$F$16:$F$5015,Transaksi!$G$16:$G$5015,"Pendapatan",Transaksi!$B$16:$B$5015,">="&DATE(Dashboard!$C$4,9,1),Transaksi!$B$16:$B$5015,"<="&EOMONTH(DATE(Dashboard!$C$4,9,1),0),Transaksi!$H$16:$H$5015,"Uang Kedai")-SUMIFS(Transaksi!$F$16:$F$5015,Transaksi!$G$16:$G$5015,"Pengeluaran",Transaksi!$B$16:$B$5015,">="&DATE(Dashboard!$C$4,9,1),Transaksi!$B$16:$B$5015,"<="&EOMONTH(DATE(Dashboard!$C$4,9,1),0),Transaksi!$H$16:$H$5015,"Pengeluaran Uang Kos")-SUMIFS(Transaksi!$F$16:$F$5015,Transaksi!$G$16:$G$5015,"Pengeluaran",Transaksi!$B$16:$B$5015,">="&DATE(Dashboard!$C$4,9,1),Transaksi!$B$16:$B$5015,"<="&EOMONTH(DATE(Dashboard!$C$4,9,1),0),Transaksi!$H$16:$H$5015,"Pengeluaran Uang Kedai")-(SUMIFS(Transaksi!$F$16:$F$5015,Transaksi!$G$16:$G$5015,"Tabungan",Transaksi!$D$16:$D$5015,"Keluar",Transaksi!$H$16:$H$5015,"Reksadana uang kos mama",Transaksi!$B$16:$B$5015,">="&DATE(Dashboard!$C$4,9,1),Transaksi!$B$16:$B$5015,"<="&EOMONTH(DATE(Dashboard!$C$4,9,1),0))-SUMIFS(Transaksi!$F$16:$F$5015,Transaksi!$G$16:$G$5015,"Tabungan",Transaksi!$D$16:$D$5015,"Masuk",Transaksi!$H$16:$H$5015,"Reksadana uang kos mama",Transaksi!$B$16:$B$5015,">="&DATE(Dashboard!$C$4,9,1),Transaksi!$B$16:$B$5015,"<="&EOMONTH(DATE(Dashboard!$C$4,9,1),0))) | H38: =IF(DATE(Dashboard!$C$4,9,1)>TODAY(),"",SUMPRODUCT((Akun!$A$5:$A$104<>"")*1,Akun!$C$5:$C$104,--(Akun!$D$5:$D$104<=EOMONTH(DATE(Dashboard!$C$4,9,1),0)))+SUMIFS(Transaksi!$F$16:$F$5015,Transaksi!$D$16:$D$5015,"Masuk",Transaksi!$B$16:$B$5015,"<="&EOMONTH(DATE(Dashboard!$C$4,9,1),0))-SUMIFS(Transaksi!$F$16:$F$5015,Transaksi!$D$16:$D$5015,"Keluar",Transaksi!$B$16:$B$5015,"<="&EOMONTH(DATE(Dashboard!$C$4,9,1),0)))
B39: Oktober | C39: =SUMIFS(Transaksi!$F$16:$F$5015,Transaksi!$G$16:$G$5015,"Pendapatan",Transaksi!$B$16:$B$5015,">="&DATE(Dashboard!$C$4,10,1),Transaksi!$B$16:$B$5015,"<="&EOMONTH(DATE(Dashboard!$C$4,10,1),0)) | D39: =SUMIFS(Transaksi!$F$16:$F$5015,Transaksi!$G$16:$G$5015,"Pengeluaran",Transaksi!$B$16:$B$5015,">="&DATE(Dashboard!$C$4,10,1),Transaksi!$B$16:$B$5015,"<="&EOMONTH(DATE(Dashboard!$C$4,10,1),0)) | E39: =(SUMIFS(Transaksi!$F$16:$F$5015,Transaksi!$G$16:$G$5015,"Tabungan",Transaksi!$D$16:$D$5015,"Keluar",Transaksi!$H$16:$H$5015,"<>Reksadana uang kos mama",Transaksi!$B$16:$B$5015,">="&DATE(Dashboard!$C$4,10,1),Transaksi!$B$16:$B$5015,"<="&EOMONTH(DATE(Dashboard!$C$4,10,1),0))-SUMIFS(Transaksi!$F$16:$F$5015,Transaksi!$G$16:$G$5015,"Tabungan",Transaksi!$D$16:$D$5015,"Masuk",Transaksi!$H$16:$H$5015,"<>Reksadana uang kos mama",Transaksi!$B$16:$B$5015,">="&DATE(Dashboard!$C$4,10,1),Transaksi!$B$16:$B$5015,"<="&EOMONTH(DATE(Dashboard!$C$4,10,1),0))) | F39: =C39-D39-E39 | G39: =SUMIFS(Transaksi!$F$16:$F$5015,Transaksi!$G$16:$G$5015,"Pendapatan",Transaksi!$B$16:$B$5015,">="&DATE(Dashboard!$C$4,10,1),Transaksi!$B$16:$B$5015,"<="&EOMONTH(DATE(Dashboard!$C$4,10,1),0),Transaksi!$H$16:$H$5015,"Uang Kos Mama")+SUMIFS(Transaksi!$F$16:$F$5015,Transaksi!$G$16:$G$5015,"Pendapatan",Transaksi!$B$16:$B$5015,">="&DATE(Dashboard!$C$4,10,1),Transaksi!$B$16:$B$5015,"<="&EOMONTH(DATE(Dashboard!$C$4,10,1),0),Transaksi!$H$16:$H$5015,"Uang Kedai")-SUMIFS(Transaksi!$F$16:$F$5015,Transaksi!$G$16:$G$5015,"Pengeluaran",Transaksi!$B$16:$B$5015,">="&DATE(Dashboard!$C$4,10,1),Transaksi!$B$16:$B$5015,"<="&EOMONTH(DATE(Dashboard!$C$4,10,1),0),Transaksi!$H$16:$H$5015,"Pengeluaran Uang Kos")-SUMIFS(Transaksi!$F$16:$F$5015,Transaksi!$G$16:$G$5015,"Pengeluaran",Transaksi!$B$16:$B$5015,">="&DATE(Dashboard!$C$4,10,1),Transaksi!$B$16:$B$5015,"<="&EOMONTH(DATE(Dashboard!$C$4,10,1),0),Transaksi!$H$16:$H$5015,"Pengeluaran Uang Kedai")-(SUMIFS(Transaksi!$F$16:$F$5015,Transaksi!$G$16:$G$5015,"Tabungan",Transaksi!$D$16:$D$5015,"Keluar",Transaksi!$H$16:$H$5015,"Reksadana uang kos mama",Transaksi!$B$16:$B$5015,">="&DATE(Dashboard!$C$4,10,1),Transaksi!$B$16:$B$5015,"<="&EOMONTH(DATE(Dashboard!$C$4,10,1),0))-SUMIFS(Transaksi!$F$16:$F$5015,Transaksi!$G$16:$G$5015,"Tabungan",Transaksi!$D$16:$D$5015,"Masuk",Transaksi!$H$16:$H$5015,"Reksadana uang kos mama",Transaksi!$B$16:$B$5015,">="&DATE(Dashboard!$C$4,10,1),Transaksi!$B$16:$B$5015,"<="&EOMONTH(DATE(Dashboard!$C$4,10,1),0))) | H39: =IF(DATE(Dashboard!$C$4,10,1)>TODAY(),"",SUMPRODUCT((Akun!$A$5:$A$104<>"")*1,Akun!$C$5:$C$104,--(Akun!$D$5:$D$104<=EOMONTH(DATE(Dashboard!$C$4,10,1),0)))+SUMIFS(Transaksi!$F$16:$F$5015,Transaksi!$D$16:$D$5015,"Masuk",Transaksi!$B$16:$B$5015,"<="&EOMONTH(DATE(Dashboard!$C$4,10,1),0))-SUMIFS(Transaksi!$F$16:$F$5015,Transaksi!$D$16:$D$5015,"Keluar",Transaksi!$B$16:$B$5015,"<="&EOMONTH(DATE(Dashboard!$C$4,10,1),0)))
B40: November | C40: =SUMIFS(Transaksi!$F$16:$F$5015,Transaksi!$G$16:$G$5015,"Pendapatan",Transaksi!$B$16:$B$5015,">="&DATE(Dashboard!$C$4,11,1),Transaksi!$B$16:$B$5015,"<="&EOMONTH(DATE(Dashboard!$C$4,11,1),0)) | D40: =SUMIFS(Transaksi!$F$16:$F$5015,Transaksi!$G$16:$G$5015,"Pengeluaran",Transaksi!$B$16:$B$5015,">="&DATE(Dashboard!$C$4,11,1),Transaksi!$B$16:$B$5015,"<="&EOMONTH(DATE(Dashboard!$C$4,11,1),0)) | E40: =(SUMIFS(Transaksi!$F$16:$F$5015,Transaksi!$G$16:$G$5015,"Tabungan",Transaksi!$D$16:$D$5015,"Keluar",Transaksi!$H$16:$H$5015,"<>Reksadana uang kos mama",Transaksi!$B$16:$B$5015,">="&DATE(Dashboard!$C$4,11,1),Transaksi!$B$16:$B$5015,"<="&EOMONTH(DATE(Dashboard!$C$4,11,1),0))-SUMIFS(Transaksi!$F$16:$F$5015,Transaksi!$G$16:$G$5015,"Tabungan",Transaksi!$D$16:$D$5015,"Masuk",Transaksi!$H$16:$H$5015,"<>Reksadana uang kos mama",Transaksi!$B$16:$B$5015,">="&DATE(Dashboard!$C$4,11,1),Transaksi!$B$16:$B$5015,"<="&EOMONTH(DATE(Dashboard!$C$4,11,1),0))) | F40: =C40-D40-E40 | G40: =SUMIFS(Transaksi!$F$16:$F$5015,Transaksi!$G$16:$G$5015,"Pendapatan",Transaksi!$B$16:$B$5015,">="&DATE(Dashboard!$C$4,11,1),Transaksi!$B$16:$B$5015,"<="&EOMONTH(DATE(Dashboard!$C$4,11,1),0),Transaksi!$H$16:$H$5015,"Uang Kos Mama")+SUMIFS(Transaksi!$F$16:$F$5015,Transaksi!$G$16:$G$5015,"Pendapatan",Transaksi!$B$16:$B$5015,">="&DATE(Dashboard!$C$4,11,1),Transaksi!$B$16:$B$5015,"<="&EOMONTH(DATE(Dashboard!$C$4,11,1),0),Transaksi!$H$16:$H$5015,"Uang Kedai")-SUMIFS(Transaksi!$F$16:$F$5015,Transaksi!$G$16:$G$5015,"Pengeluaran",Transaksi!$B$16:$B$5015,">="&DATE(Dashboard!$C$4,11,1),Transaksi!$B$16:$B$5015,"<="&EOMONTH(DATE(Dashboard!$C$4,11,1),0),Transaksi!$H$16:$H$5015,"Pengeluaran Uang Kos")-SUMIFS(Transaksi!$F$16:$F$5015,Transaksi!$G$16:$G$5015,"Pengeluaran",Transaksi!$B$16:$B$5015,">="&DATE(Dashboard!$C$4,11,1),Transaksi!$B$16:$B$5015,"<="&EOMONTH(DATE(Dashboard!$C$4,11,1),0),Transaksi!$H$16:$H$5015,"Pengeluaran Uang Kedai")-(SUMIFS(Transaksi!$F$16:$F$5015,Transaksi!$G$16:$G$5015,"Tabungan",Transaksi!$D$16:$D$5015,"Keluar",Transaksi!$H$16:$H$5015,"Reksadana uang kos mama",Transaksi!$B$16:$B$5015,">="&DATE(Dashboard!$C$4,11,1),Transaksi!$B$16:$B$5015,"<="&EOMONTH(DATE(Dashboard!$C$4,11,1),0))-SUMIFS(Transaksi!$F$16:$F$5015,Transaksi!$G$16:$G$5015,"Tabungan",Transaksi!$D$16:$D$5015,"Masuk",Transaksi!$H$16:$H$5015,"Reksadana uang kos mama",Transaksi!$B$16:$B$5015,">="&DATE(Dashboard!$C$4,11,1),Transaksi!$B$16:$B$5015,"<="&EOMONTH(DATE(Dashboard!$C$4,11,1),0))) | H40: =IF(DATE(Dashboard!$C$4,11,1)>TODAY(),"",SUMPRODUCT((Akun!$A$5:$A$104<>"")*1,Akun!$C$5:$C$104,--(Akun!$D$5:$D$104<=EOMONTH(DATE(Dashboard!$C$4,11,1),0)))+SUMIFS(Transaksi!$F$16:$F$5015,Transaksi!$D$16:$D$5015,"Masuk",Transaksi!$B$16:$B$5015,"<="&EOMONTH(DATE(Dashboard!$C$4,11,1),0))-SUMIFS(Transaksi!$F$16:$F$5015,Transaksi!$D$16:$D$5015,"Keluar",Transaksi!$B$16:$B$5015,"<="&EOMONTH(DATE(Dashboard!$C$4,11,1),0)))
B41: Desember | C41: =SUMIFS(Transaksi!$F$16:$F$5015,Transaksi!$G$16:$G$5015,"Pendapatan",Transaksi!$B$16:$B$5015,">="&DATE(Dashboard!$C$4,12,1),Transaksi!$B$16:$B$5015,"<="&EOMONTH(DATE(Dashboard!$C$4,12,1),0)) | D41: =SUMIFS(Transaksi!$F$16:$F$5015,Transaksi!$G$16:$G$5015,"Pengeluaran",Transaksi!$B$16:$B$5015,">="&DATE(Dashboard!$C$4,12,1),Transaksi!$B$16:$B$5015,"<="&EOMONTH(DATE(Dashboard!$C$4,12,1),0)) | E41: =(SUMIFS(Transaksi!$F$16:$F$5015,Transaksi!$G$16:$G$5015,"Tabungan",Transaksi!$D$16:$D$5015,"Keluar",Transaksi!$H$16:$H$5015,"<>Reksadana uang kos mama",Transaksi!$B$16:$B$5015,">="&DATE(Dashboard!$C$4,12,1),Transaksi!$B$16:$B$5015,"<="&EOMONTH(DATE(Dashboard!$C$4,12,1),0))-SUMIFS(Transaksi!$F$16:$F$5015,Transaksi!$G$16:$G$5015,"Tabungan",Transaksi!$D$16:$D$5015,"Masuk",Transaksi!$H$16:$H$5015,"<>Reksadana uang kos mama",Transaksi!$B$16:$B$5015,">="&DATE(Dashboard!$C$4,12,1),Transaksi!$B$16:$B$5015,"<="&EOMONTH(DATE(Dashboard!$C$4,12,1),0))) | F41: =C41-D41-E41 | G41: =SUMIFS(Transaksi!$F$16:$F$5015,Transaksi!$G$16:$G$5015,"Pendapatan",Transaksi!$B$16:$B$5015,">="&DATE(Dashboard!$C$4,12,1),Transaksi!$B$16:$B$5015,"<="&EOMONTH(DATE(Dashboard!$C$4,12,1),0),Transaksi!$H$16:$H$5015,"Uang Kos Mama")+SUMIFS(Transaksi!$F$16:$F$5015,Transaksi!$G$16:$G$5015,"Pendapatan",Transaksi!$B$16:$B$5015,">="&DATE(Dashboard!$C$4,12,1),Transaksi!$B$16:$B$5015,"<="&EOMONTH(DATE(Dashboard!$C$4,12,1),0),Transaksi!$H$16:$H$5015,"Uang Kedai")-SUMIFS(Transaksi!$F$16:$F$5015,Transaksi!$G$16:$G$5015,"Pengeluaran",Transaksi!$B$16:$B$5015,">="&DATE(Dashboard!$C$4,12,1),Transaksi!$B$16:$B$5015,"<="&EOMONTH(DATE(Dashboard!$C$4,12,1),0),Transaksi!$H$16:$H$5015,"Pengeluaran Uang Kos")-SUMIFS(Transaksi!$F$16:$F$5015,Transaksi!$G$16:$G$5015,"Pengeluaran",Transaksi!$B$16:$B$5015,">="&DATE(Dashboard!$C$4,12,1),Transaksi!$B$16:$B$5015,"<="&EOMONTH(DATE(Dashboard!$C$4,12,1),0),Transaksi!$H$16:$H$5015,"Pengeluaran Uang Kedai")-(SUMIFS(Transaksi!$F$16:$F$5015,Transaksi!$G$16:$G$5015,"Tabungan",Transaksi!$D$16:$D$5015,"Keluar",Transaksi!$H$16:$H$5015,"Reksadana uang kos mama",Transaksi!$B$16:$B$5015,">="&DATE(Dashboard!$C$4,12,1),Transaksi!$B$16:$B$5015,"<="&EOMONTH(DATE(Dashboard!$C$4,12,1),0))-SUMIFS(Transaksi!$F$16:$F$5015,Transaksi!$G$16:$G$5015,"Tabungan",Transaksi!$D$16:$D$5015,"Masuk",Transaksi!$H$16:$H$5015,"Reksadana uang kos mama",Transaksi!$B$16:$B$5015,">="&DATE(Dashboard!$C$4,12,1),Transaksi!$B$16:$B$5015,"<="&EOMONTH(DATE(Dashboard!$C$4,12,1),0))) | H41: =IF(DATE(Dashboard!$C$4,12,1)>TODAY(),"",SUMPRODUCT((Akun!$A$5:$A$104<>"")*1,Akun!$C$5:$C$104,--(Akun!$D$5:$D$104<=EOMONTH(DATE(Dashboard!$C$4,12,1),0)))+SUMIFS(Transaksi!$F$16:$F$5015,Transaksi!$D$16:$D$5015,"Masuk",Transaksi!$B$16:$B$5015,"<="&EOMONTH(DATE(Dashboard!$C$4,12,1),0))-SUMIFS(Transaksi!$F$16:$F$5015,Transaksi!$D$16:$D$5015,"Keluar",Transaksi!$B$16:$B$5015,"<="&EOMONTH(DATE(Dashboard!$C$4,12,1),0)))
B44: ="C. SALDO AKUN — AKHIR "&UPPER(C5)&" "&C4
B45: Akun | C45: Saldo | D45: Kelompok
B46: =Akun!A5 | C46: =IF(B46="","",(SUMIFS(Akun!$C$5:$C$104,Akun!$A$5:$A$104,B46,Akun!$D$5:$D$104,"<="&EOMONTH(DATE(Dashboard!$C$4,Dashboard!$D$4,1),0))+SUMIFS(Transaksi!$F$16:$F$5015,Transaksi!$C$16:$C$5015,B46,Transaksi!$D$16:$D$5015,"Masuk",Transaksi!$B$16:$B$5015,"<="&EOMONTH(DATE(Dashboard!$C$4,Dashboard!$D$4,1),0))-SUMIFS(Transaksi!$F$16:$F$5015,Transaksi!$C$16:$C$5015,B46,Transaksi!$D$16:$D$5015,"Keluar",Transaksi!$B$16:$B$5015,"<="&EOMONTH(DATE(Dashboard!$C$4,Dashboard!$D$4,1),0))-SUMIFS(Transaksi!$F$16:$F$5015,Transaksi!$C$16:$C$5015,B46,Transaksi!$D$16:$D$5015,"Pindah",Transaksi!$B$16:$B$5015,"<="&EOMONTH(DATE(Dashboard!$C$4,Dashboard!$D$4,1),0))+SUMIFS(Transaksi!$F$16:$F$5015,Transaksi!$E$16:$E$5015,B46,Transaksi!$D$16:$D$5015,"Pindah",Transaksi!$B$16:$B$5015,"<="&EOMONTH(DATE(Dashboard!$C$4,Dashboard!$D$4,1),0)))) | D46: =Akun!B5
B47: =Akun!A6 | C47: =IF(B47="","",(SUMIFS(Akun!$C$5:$C$104,Akun!$A$5:$A$104,B47,Akun!$D$5:$D$104,"<="&EOMONTH(DATE(Dashboard!$C$4,Dashboard!$D$4,1),0))+SUMIFS(Transaksi!$F$16:$F$5015,Transaksi!$C$16:$C$5015,B47,Transaksi!$D$16:$D$5015,"Masuk",Transaksi!$B$16:$B$5015,"<="&EOMONTH(DATE(Dashboard!$C$4,Dashboard!$D$4,1),0))-SUMIFS(Transaksi!$F$16:$F$5015,Transaksi!$C$16:$C$5015,B47,Transaksi!$D$16:$D$5015,"Keluar",Transaksi!$B$16:$B$5015,"<="&EOMONTH(DATE(Dashboard!$C$4,Dashboard!$D$4,1),0))-SUMIFS(Transaksi!$F$16:$F$5015,Transaksi!$C$16:$C$5015,B47,Transaksi!$D$16:$D$5015,"Pindah",Transaksi!$B$16:$B$5015,"<="&EOMONTH(DATE(Dashboard!$C$4,Dashboard!$D$4,1),0))+SUMIFS(Transaksi!$F$16:$F$5015,Transaksi!$E$16:$E$5015,B47,Transaksi!$D$16:$D$5015,"Pindah",Transaksi!$B$16:$B$5015,"<="&EOMONTH(DATE(Dashboard!$C$4,Dashboard!$D$4,1),0)))) | D47: =Akun!B6
B48: =Akun!A7 | C48: =IF(B48="","",(SUMIFS(Akun!$C$5:$C$104,Akun!$A$5:$A$104,B48,Akun!$D$5:$D$104,"<="&EOMONTH(DATE(Dashboard!$C$4,Dashboard!$D$4,1),0))+SUMIFS(Transaksi!$F$16:$F$5015,Transaksi!$C$16:$C$5015,B48,Transaksi!$D$16:$D$5015,"Masuk",Transaksi!$B$16:$B$5015,"<="&EOMONTH(DATE(Dashboard!$C$4,Dashboard!$D$4,1),0))-SUMIFS(Transaksi!$F$16:$F$5015,Transaksi!$C$16:$C$5015,B48,Transaksi!$D$16:$D$5015,"Keluar",Transaksi!$B$16:$B$5015,"<="&EOMONTH(DATE(Dashboard!$C$4,Dashboard!$D$4,1),0))-SUMIFS(Transaksi!$F$16:$F$5015,Transaksi!$C$16:$C$5015,B48,Transaksi!$D$16:$D$5015,"Pindah",Transaksi!$B$16:$B$5015,"<="&EOMONTH(DATE(Dashboard!$C$4,Dashboard!$D$4,1),0))+SUMIFS(Transaksi!$F$16:$F$5015,Transaksi!$E$16:$E$5015,B48,Transaksi!$D$16:$D$5015,"Pindah",Transaksi!$B$16:$B$5015,"<="&EOMONTH(DATE(Dashboard!$C$4,Dashboard!$D$4,1),0)))) | D48: =Akun!B7
B49: =Akun!A8 | C49: =IF(B49="","",(SUMIFS(Akun!$C$5:$C$104,Akun!$A$5:$A$104,B49,Akun!$D$5:$D$104,"<="&EOMONTH(DATE(Dashboard!$C$4,Dashboard!$D$4,1),0))+SUMIFS(Transaksi!$F$16:$F$5015,Transaksi!$C$16:$C$5015,B49,Transaksi!$D$16:$D$5015,"Masuk",Transaksi!$B$16:$B$5015,"<="&EOMONTH(DATE(Dashboard!$C$4,Dashboard!$D$4,1),0))-SUMIFS(Transaksi!$F$16:$F$5015,Transaksi!$C$16:$C$5015,B49,Transaksi!$D$16:$D$5015,"Keluar",Transaksi!$B$16:$B$5015,"<="&EOMONTH(DATE(Dashboard!$C$4,Dashboard!$D$4,1),0))-SUMIFS(Transaksi!$F$16:$F$5015,Transaksi!$C$16:$C$5015,B49,Transaksi!$D$16:$D$5015,"Pindah",Transaksi!$B$16:$B$5015,"<="&EOMONTH(DATE(Dashboard!$C$4,Dashboard!$D$4,1),0))+SUMIFS(Transaksi!$F$16:$F$5015,Transaksi!$E$16:$E$5015,B49,Transaksi!$D$16:$D$5015,"Pindah",Transaksi!$B$16:$B$5015,"<="&EOMONTH(DATE(Dashboard!$C$4,Dashboard!$D$4,1),0)))) | D49: =Akun!B8
B50: =Akun!A9 | C50: =IF(B50="","",(SUMIFS(Akun!$C$5:$C$104,Akun!$A$5:$A$104,B50,Akun!$D$5:$D$104,"<="&EOMONTH(DATE(Dashboard!$C$4,Dashboard!$D$4,1),0))+SUMIFS(Transaksi!$F$16:$F$5015,Transaksi!$C$16:$C$5015,B50,Transaksi!$D$16:$D$5015,"Masuk",Transaksi!$B$16:$B$5015,"<="&EOMONTH(DATE(Dashboard!$C$4,Dashboard!$D$4,1),0))-SUMIFS(Transaksi!$F$16:$F$5015,Transaksi!$C$16:$C$5015,B50,Transaksi!$D$16:$D$5015,"Keluar",Transaksi!$B$16:$B$5015,"<="&EOMONTH(DATE(Dashboard!$C$4,Dashboard!$D$4,1),0))-SUMIFS(Transaksi!$F$16:$F$5015,Transaksi!$C$16:$C$5015,B50,Transaksi!$D$16:$D$5015,"Pindah",Transaksi!$B$16:$B$5015,"<="&EOMONTH(DATE(Dashboard!$C$4,Dashboard!$D$4,1),0))+SUMIFS(Transaksi!$F$16:$F$5015,Transaksi!$E$16:$E$5015,B50,Transaksi!$D$16:$D$5015,"Pindah",Transaksi!$B$16:$B$5015,"<="&EOMONTH(DATE(Dashboard!$C$4,Dashboard!$D$4,1),0)))) | D50: =Akun!B9
B51: =Akun!A10 | C51: =IF(B51="","",(SUMIFS(Akun!$C$5:$C$104,Akun!$A$5:$A$104,B51,Akun!$D$5:$D$104,"<="&EOMONTH(DATE(Dashboard!$C$4,Dashboard!$D$4,1),0))+SUMIFS(Transaksi!$F$16:$F$5015,Transaksi!$C$16:$C$5015,B51,Transaksi!$D$16:$D$5015,"Masuk",Transaksi!$B$16:$B$5015,"<="&EOMONTH(DATE(Dashboard!$C$4,Dashboard!$D$4,1),0))-SUMIFS(Transaksi!$F$16:$F$5015,Transaksi!$C$16:$C$5015,B51,Transaksi!$D$16:$D$5015,"Keluar",Transaksi!$B$16:$B$5015,"<="&EOMONTH(DATE(Dashboard!$C$4,Dashboard!$D$4,1),0))-SUMIFS(Transaksi!$F$16:$F$5015,Transaksi!$C$16:$C$5015,B51,Transaksi!$D$16:$D$5015,"Pindah",Transaksi!$B$16:$B$5015,"<="&EOMONTH(DATE(Dashboard!$C$4,Dashboard!$D$4,1),0))+SUMIFS(Transaksi!$F$16:$F$5015,Transaksi!$E$16:$E$5015,B51,Transaksi!$D$16:$D$5015,"Pindah",Transaksi!$B$16:$B$5015,"<="&EOMONTH(DATE(Dashboard!$C$4,Dashboard!$D$4,1),0)))) | D51: =Akun!B10
B52: =Akun!A11 | C52: =IF(B52="","",(SUMIFS(Akun!$C$5:$C$104,Akun!$A$5:$A$104,B52,Akun!$D$5:$D$104,"<="&EOMONTH(DATE(Dashboard!$C$4,Dashboard!$D$4,1),0))+SUMIFS(Transaksi!$F$16:$F$5015,Transaksi!$C$16:$C$5015,B52,Transaksi!$D$16:$D$5015,"Masuk",Transaksi!$B$16:$B$5015,"<="&EOMONTH(DATE(Dashboard!$C$4,Dashboard!$D$4,1),0))-SUMIFS(Transaksi!$F$16:$F$5015,Transaksi!$C$16:$C$5015,B52,Transaksi!$D$16:$D$5015,"Keluar",Transaksi!$B$16:$B$5015,"<="&EOMONTH(DATE(Dashboard!$C$4,Dashboard!$D$4,1),0))-SUMIFS(Transaksi!$F$16:$F$5015,Transaksi!$C$16:$C$5015,B52,Transaksi!$D$16:$D$5015,"Pindah",Transaksi!$B$16:$B$5015,"<="&EOMONTH(DATE(Dashboard!$C$4,Dashboard!$D$4,1),0))+SUMIFS(Transaksi!$F$16:$F$5015,Transaksi!$E$16:$E$5015,B52,Transaksi!$D$16:$D$5015,"Pindah",Transaksi!$B$16:$B$5015,"<="&EOMONTH(DATE(Dashboard!$C$4,Dashboard!$D$4,1),0)))) | D52: =Akun!B11
B53: =Akun!A12 | C53: =IF(B53="","",(SUMIFS(Akun!$C$5:$C$104,Akun!$A$5:$A$104,B53,Akun!$D$5:$D$104,"<="&EOMONTH(DATE(Dashboard!$C$4,Dashboard!$D$4,1),0))+SUMIFS(Transaksi!$F$16:$F$5015,Transaksi!$C$16:$C$5015,B53,Transaksi!$D$16:$D$5015,"Masuk",Transaksi!$B$16:$B$5015,"<="&EOMONTH(DATE(Dashboard!$C$4,Dashboard!$D$4,1),0))-SUMIFS(Transaksi!$F$16:$F$5015,Transaksi!$C$16:$C$5015,B53,Transaksi!$D$16:$D$5015,"Keluar",Transaksi!$B$16:$B$5015,"<="&EOMONTH(DATE(Dashboard!$C$4,Dashboard!$D$4,1),0))-SUMIFS(Transaksi!$F$16:$F$5015,Transaksi!$C$16:$C$5015,B53,Transaksi!$D$16:$D$5015,"Pindah",Transaksi!$B$16:$B$5015,"<="&EOMONTH(DATE(Dashboard!$C$4,Dashboard!$D$4,1),0))+SUMIFS(Transaksi!$F$16:$F$5015,Transaksi!$E$16:$E$5015,B53,Transaksi!$D$16:$D$5015,"Pindah",Transaksi!$B$16:$B$5015,"<="&EOMONTH(DATE(Dashboard!$C$4,Dashboard!$D$4,1),0)))) | D53: =Akun!B12
B54: =Akun!A13 | C54: =IF(B54="","",(SUMIFS(Akun!$C$5:$C$104,Akun!$A$5:$A$104,B54,Akun!$D$5:$D$104,"<="&EOMONTH(DATE(Dashboard!$C$4,Dashboard!$D$4,1),0))+SUMIFS(Transaksi!$F$16:$F$5015,Transaksi!$C$16:$C$5015,B54,Transaksi!$D$16:$D$5015,"Masuk",Transaksi!$B$16:$B$5015,"<="&EOMONTH(DATE(Dashboard!$C$4,Dashboard!$D$4,1),0))-SUMIFS(Transaksi!$F$16:$F$5015,Transaksi!$C$16:$C$5015,B54,Transaksi!$D$16:$D$5015,"Keluar",Transaksi!$B$16:$B$5015,"<="&EOMONTH(DATE(Dashboard!$C$4,Dashboard!$D$4,1),0))-SUMIFS(Transaksi!$F$16:$F$5015,Transaksi!$C$16:$C$5015,B54,Transaksi!$D$16:$D$5015,"Pindah",Transaksi!$B$16:$B$5015,"<="&EOMONTH(DATE(Dashboard!$C$4,Dashboard!$D$4,1),0))+SUMIFS(Transaksi!$F$16:$F$5015,Transaksi!$E$16:$E$5015,B54,Transaksi!$D$16:$D$5015,"Pindah",Transaksi!$B$16:$B$5015,"<="&EOMONTH(DATE(Dashboard!$C$4,Dashboard!$D$4,1),0)))) | D54: =Akun!B13
B55: =Akun!A14 | C55: =IF(B55="","",(SUMIFS(Akun!$C$5:$C$104,Akun!$A$5:$A$104,B55,Akun!$D$5:$D$104,"<="&EOMONTH(DATE(Dashboard!$C$4,Dashboard!$D$4,1),0))+SUMIFS(Transaksi!$F$16:$F$5015,Transaksi!$C$16:$C$5015,B55,Transaksi!$D$16:$D$5015,"Masuk",Transaksi!$B$16:$B$5015,"<="&EOMONTH(DATE(Dashboard!$C$4,Dashboard!$D$4,1),0))-SUMIFS(Transaksi!$F$16:$F$5015,Transaksi!$C$16:$C$5015,B55,Transaksi!$D$16:$D$5015,"Keluar",Transaksi!$B$16:$B$5015,"<="&EOMONTH(DATE(Dashboard!$C$4,Dashboard!$D$4,1),0))-SUMIFS(Transaksi!$F$16:$F$5015,Transaksi!$C$16:$C$5015,B55,Transaksi!$D$16:$D$5015,"Pindah",Transaksi!$B$16:$B$5015,"<="&EOMONTH(DATE(Dashboard!$C$4,Dashboard!$D$4,1),0))+SUMIFS(Transaksi!$F$16:$F$5015,Transaksi!$E$16:$E$5015,B55,Transaksi!$D$16:$D$5015,"Pindah",Transaksi!$B$16:$B$5015,"<="&EOMONTH(DATE(Dashboard!$C$4,Dashboard!$D$4,1),0)))) | D55: =Akun!B14
B56: =Akun!A15 | C56: =IF(B56="","",(SUMIFS(Akun!$C$5:$C$104,Akun!$A$5:$A$104,B56,Akun!$D$5:$D$104,"<="&EOMONTH(DATE(Dashboard!$C$4,Dashboard!$D$4,1),0))+SUMIFS(Transaksi!$F$16:$F$5015,Transaksi!$C$16:$C$5015,B56,Transaksi!$D$16:$D$5015,"Masuk",Transaksi!$B$16:$B$5015,"<="&EOMONTH(DATE(Dashboard!$C$4,Dashboard!$D$4,1),0))-SUMIFS(Transaksi!$F$16:$F$5015,Transaksi!$C$16:$C$5015,B56,Transaksi!$D$16:$D$5015,"Keluar",Transaksi!$B$16:$B$5015,"<="&EOMONTH(DATE(Dashboard!$C$4,Dashboard!$D$4,1),0))-SUMIFS(Transaksi!$F$16:$F$5015,Transaksi!$C$16:$C$5015,B56,Transaksi!$D$16:$D$5015,"Pindah",Transaksi!$B$16:$B$5015,"<="&EOMONTH(DATE(Dashboard!$C$4,Dashboard!$D$4,1),0))+SUMIFS(Transaksi!$F$16:$F$5015,Transaksi!$E$16:$E$5015,B56,Transaksi!$D$16:$D$5015,"Pindah",Transaksi!$B$16:$B$5015,"<="&EOMONTH(DATE(Dashboard!$C$4,Dashboard!$D$4,1),0)))) | D56: =Akun!B15
B57: =Akun!A16 | C57: =IF(B57="","",(SUMIFS(Akun!$C$5:$C$104,Akun!$A$5:$A$104,B57,Akun!$D$5:$D$104,"<="&EOMONTH(DATE(Dashboard!$C$4,Dashboard!$D$4,1),0))+SUMIFS(Transaksi!$F$16:$F$5015,Transaksi!$C$16:$C$5015,B57,Transaksi!$D$16:$D$5015,"Masuk",Transaksi!$B$16:$B$5015,"<="&EOMONTH(DATE(Dashboard!$C$4,Dashboard!$D$4,1),0))-SUMIFS(Transaksi!$F$16:$F$5015,Transaksi!$C$16:$C$5015,B57,Transaksi!$D$16:$D$5015,"Keluar",Transaksi!$B$16:$B$5015,"<="&EOMONTH(DATE(Dashboard!$C$4,Dashboard!$D$4,1),0))-SUMIFS(Transaksi!$F$16:$F$5015,Transaksi!$C$16:$C$5015,B57,Transaksi!$D$16:$D$5015,"Pindah",Transaksi!$B$16:$B$5015,"<="&EOMONTH(DATE(Dashboard!$C$4,Dashboard!$D$4,1),0))+SUMIFS(Transaksi!$F$16:$F$5015,Transaksi!$E$16:$E$5015,B57,Transaksi!$D$16:$D$5015,"Pindah",Transaksi!$B$16:$B$5015,"<="&EOMONTH(DATE(Dashboard!$C$4,Dashboard!$D$4,1),0)))) | D57: =Akun!B16
... B61: =Akun!A20 | C61: =IF(B61="","",(SUMIFS(Akun!$C$5:$C$104,Akun!$A$5:$A$104,B61,Akun!$D$5:$D$104,"<="&EOMONTH(DATE(Dashboard!$C$4,Dashboard!$D$4,1),0))+SUMIFS(Transaksi!$F$16:$F$5015,Transaksi!$C$16:$C$5015,B61,Transaksi!$D$16:$D$5015,"Masuk",Transaksi!$B$16:$B$5015,"<="&EOMONTH(DATE(Dashboard!$C$4,Dashboard!$D$4,1),0))-SUMIFS(Transaksi!$F$16:$F$5015,Transaksi!$C$16:$C$5015,B61,Transaksi!$D$16:$D$5015,"Keluar",Transaksi!$B$16:$B$5015,"<="&EOMONTH(DATE(Dashboard!$C$4,Dashboard!$D$4,1),0))-SUMIFS(Transaksi!$F$16:$F$5015,Transaksi!$C$16:$C$5015,B61,Transaksi!$D$16:$D$5015,"Pindah",Transaksi!$B$16:$B$5015,"<="&EOMONTH(DATE(Dashboard!$C$4,Dashboard!$D$4,1),0))+SUMIFS(Transaksi!$F$16:$F$5015,Transaksi!$E$16:$E$5015,B61,Transaksi!$D$16:$D$5015,"Pindah",Transaksi!$B$16:$B$5015,"<="&EOMONTH(DATE(Dashboard!$C$4,Dashboard!$D$4,1),0)))) | D61: =Akun!B20
B63: Rincian asal setiap saldo (saldo awal, masuk, keluar, pindah) ada di tab Saldo Akun.
B64: Tabungan bersih = uang yang kamu setor ke saham/reksadana/jula-jula dikurangi yang kamu cairkan (tanpa uang kos mama). Minus = lebih banyak dicairkan.

Sheet Transaksi
A1: TRANSAKSI — CATAT, CARI & LACAK
A2: Cara pakai: isi sel kuning di kiri atas (boleh sebagian). Hasilnya langsung muncul: ringkasan di tengah, daftar poin transaksi yang cocok di kanan (kolom P–V, klik "Buka"). Data lengkap ada mulai baris 16 — bisa dilipat dengan tombol [–] di kiri.
P3: DAFTAR TRANSAKSI YANG COCOK | T3: ="Ditampilkan "&MIN(300,MAX($N$16:$N$5015))&" dari "&MAX($N$16:$N$5015)&" (terbaru dulu; persempit pencarian bila lebih dari 300)"
A4: Kata kunci | F4: RINGKASAN HASIL | P4: Tanggal | Q4: Akun | R4: Tipe | S4: Jumlah | T4: Tujuan › Sumber › Kategori | U4: Keterangan | V4: Buka
A5: Tujuan | C5: Semua | F5: Jumlah transaksi cocok | G5: =MAX(N16:N5015) | P5: =IF(1>MAX($N$16:$N$5015),"",INDEX($B$16:$B$5015,MATCH((MAX($N$16:$N$5015)-1+1),$N$16:$N$5015,0))) | Q5: =IF(1>MAX($N$16:$N$5015),"",INDEX($C$16:$C$5015,MATCH((MAX($N$16:$N$5015)-1+1),$N$16:$N$5015,0)))&IF(IF(1>MAX($N$16:$N$5015),"",INDEX($E$16:$E$5015,MATCH((MAX($N$16:$N$5015)-1+1),$N$16:$N$5015,0)))="",""," → "&IF(1>MAX($N$16:$N$5015),"",INDEX($E$16:$E$5015,MATCH((MAX($N$16:$N$5015)-1+1),$N$16:$N$5015,0)))) | R5: =IF(1>MAX($N$16:$N$5015),"",INDEX($D$16:$D$5015,MATCH((MAX($N$16:$N$5015)-1+1),$N$16:$N$5015,0))) | S5: =IF(1>MAX($N$16:$N$5015),"",INDEX($F$16:$F$5015,MATCH((MAX($N$16:$N$5015)-1+1),$N$16:$N$5015,0))) | T5: =IF(1>MAX($N$16:$N$5015),"",IF(1>MAX($N$16:$N$5015),"",INDEX($G$16:$G$5015,MATCH((MAX($N$16:$N$5015)-1+1),$N$16:$N$5015,0)))&" › "&IF(1>MAX($N$16:$N$5015),"",INDEX($H$16:$H$5015,MATCH((MAX($N$16:$N$5015)-1+1),$N$16:$N$5015,0)))&" › "&IF(1>MAX($N$16:$N$5015),"",INDEX($I$16:$I$5015,MATCH((MAX($N$16:$N$5015)-1+1),$N$16:$N$5015,0)))) | U5: =IF(1>MAX($N$16:$N$5015),"",INDEX($J$16:$J$5015,MATCH((MAX($N$16:$N$5015)-1+1),$N$16:$N$5015,0)))&IF(IF(1>MAX($N$16:$N$5015),"",INDEX($L$16:$L$5015,MATCH((MAX($N$16:$N$5015)-1+1),$N$16:$N$5015,0)))="",""," ["&IF(1>MAX($N$16:$N$5015),"",INDEX($L$16:$L$5015,MATCH((MAX($N$16:$N$5015)-1+1),$N$16:$N$5015,0)))&"]") | V5: =IF(1>MAX($N$16:$N$5015),"",HYPERLINK("#Transaksi!B"&(MATCH((MAX($N$16:$N$5015)-1+1),$N$16:$N$5015,0)+15),"Buka"))
A6: Sumber | C6: Semua | F6: Uang masuk | G6: =SUMIFS(F16:F5015,M16:M5015,"✓",D16:D5015,"Masuk") | P6: =IF(2>MAX($N$16:$N$5015),"",INDEX($B$16:$B$5015,MATCH((MAX($N$16:$N$5015)-2+1),$N$16:$N$5015,0))) | Q6: =IF(2>MAX($N$16:$N$5015),"",INDEX($C$16:$C$5015,MATCH((MAX($N$16:$N$5015)-2+1),$N$16:$N$5015,0)))&IF(IF(2>MAX($N$16:$N$5015),"",INDEX($E$16:$E$5015,MATCH((MAX($N$16:$N$5015)-2+1),$N$16:$N$5015,0)))="",""," → "&IF(2>MAX($N$16:$N$5015),"",INDEX($E$16:$E$5015,MATCH((MAX($N$16:$N$5015)-2+1),$N$16:$N$5015,0)))) | R6: =IF(2>MAX($N$16:$N$5015),"",INDEX($D$16:$D$5015,MATCH((MAX($N$16:$N$5015)-2+1),$N$16:$N$5015,0))) | S6: =IF(2>MAX($N$16:$N$5015),"",INDEX($F$16:$F$5015,MATCH((MAX($N$16:$N$5015)-2+1),$N$16:$N$5015,0))) | T6: =IF(2>MAX($N$16:$N$5015),"",IF(2>MAX($N$16:$N$5015),"",INDEX($G$16:$G$5015,MATCH((MAX($N$16:$N$5015)-2+1),$N$16:$N$5015,0)))&" › "&IF(2>MAX($N$16:$N$5015),"",INDEX($H$16:$H$5015,MATCH((MAX($N$16:$N$5015)-2+1),$N$16:$N$5015,0)))&" › "&IF(2>MAX($N$16:$N$5015),"",INDEX($I$16:$I$5015,MATCH((MAX($N$16:$N$5015)-2+1),$N$16:$N$5015,0)))) | U6: =IF(2>MAX($N$16:$N$5015),"",INDEX($J$16:$J$5015,MATCH((MAX($N$16:$N$5015)-2+1),$N$16:$N$5015,0)))&IF(IF(2>MAX($N$16:$N$5015),"",INDEX($L$16:$L$5015,MATCH((MAX($N$16:$N$5015)-2+1),$N$16:$N$5015,0)))="",""," ["&IF(2>MAX($N$16:$N$5015),"",INDEX($L$16:$L$5015,MATCH((MAX($N$16:$N$5015)-2+1),$N$16:$N$5015,0)))&"]") | V6: =IF(2>MAX($N$16:$N$5015),"",HYPERLINK("#Transaksi!B"&(MATCH((MAX($N$16:$N$5015)-2+1),$N$16:$N$5015,0)+15),"Buka"))
A7: Kategori | C7: Semua | F7: Uang keluar | G7: =SUMIFS(F16:F5015,M16:M5015,"✓",D16:D5015,"Keluar") | P7: =IF(3>MAX($N$16:$N$5015),"",INDEX($B$16:$B$5015,MATCH((MAX($N$16:$N$5015)-3+1),$N$16:$N$5015,0))) | Q7: =IF(3>MAX($N$16:$N$5015),"",INDEX($C$16:$C$5015,MATCH((MAX($N$16:$N$5015)-3+1),$N$16:$N$5015,0)))&IF(IF(3>MAX($N$16:$N$5015),"",INDEX($E$16:$E$5015,MATCH((MAX($N$16:$N$5015)-3+1),$N$16:$N$5015,0)))="",""," → "&IF(3>MAX($N$16:$N$5015),"",INDEX($E$16:$E$5015,MATCH((MAX($N$16:$N$5015)-3+1),$N$16:$N$5015,0)))) | R7: =IF(3>MAX($N$16:$N$5015),"",INDEX($D$16:$D$5015,MATCH((MAX($N$16:$N$5015)-3+1),$N$16:$N$5015,0))) | S7: =IF(3>MAX($N$16:$N$5015),"",INDEX($F$16:$F$5015,MATCH((MAX($N$16:$N$5015)-3+1),$N$16:$N$5015,0))) | T7: =IF(3>MAX($N$16:$N$5015),"",IF(3>MAX($N$16:$N$5015),"",INDEX($G$16:$G$5015,MATCH((MAX($N$16:$N$5015)-3+1),$N$16:$N$5015,0)))&" › "&IF(3>MAX($N$16:$N$5015),"",INDEX($H$16:$H$5015,MATCH((MAX($N$16:$N$5015)-3+1),$N$16:$N$5015,0)))&" › "&IF(3>MAX($N$16:$N$5015),"",INDEX($I$16:$I$5015,MATCH((MAX($N$16:$N$5015)-3+1),$N$16:$N$5015,0)))) | U7: =IF(3>MAX($N$16:$N$5015),"",INDEX($J$16:$J$5015,MATCH((MAX($N$16:$N$5015)-3+1),$N$16:$N$5015,0)))&IF(IF(3>MAX($N$16:$N$5015),"",INDEX($L$16:$L$5015,MATCH((MAX($N$16:$N$5015)-3+1),$N$16:$N$5015,0)))="",""," ["&IF(3>MAX($N$16:$N$5015),"",INDEX($L$16:$L$5015,MATCH((MAX($N$16:$N$5015)-3+1),$N$16:$N$5015,0)))&"]") | V7: =IF(3>MAX($N$16:$N$5015),"",HYPERLINK("#Transaksi!B"&(MATCH((MAX($N$16:$N$5015)-3+1),$N$16:$N$5015,0)+15),"Buka"))
A8: Akun | C8: Semua | F8: Pindah uang | G8: =SUMIFS(F16:F5015,M16:M5015,"✓",D16:D5015,"Pindah") | P8: =IF(4>MAX($N$16:$N$5015),"",INDEX($B$16:$B$5015,MATCH((MAX($N$16:$N$5015)-4+1),$N$16:$N$5015,0))) | Q8: =IF(4>MAX($N$16:$N$5015),"",INDEX($C$16:$C$5015,MATCH((MAX($N$16:$N$5015)-4+1),$N$16:$N$5015,0)))&IF(IF(4>MAX($N$16:$N$5015),"",INDEX($E$16:$E$5015,MATCH((MAX($N$16:$N$5015)-4+1),$N$16:$N$5015,0)))="",""," → "&IF(4>MAX($N$16:$N$5015),"",INDEX($E$16:$E$5015,MATCH((MAX($N$16:$N$5015)-4+1),$N$16:$N$5015,0)))) | R8: =IF(4>MAX($N$16:$N$5015),"",INDEX($D$16:$D$5015,MATCH((MAX($N$16:$N$5015)-4+1),$N$16:$N$5015,0))) | S8: =IF(4>MAX($N$16:$N$5015),"",INDEX($F$16:$F$5015,MATCH((MAX($N$16:$N$5015)-4+1),$N$16:$N$5015,0))) | T8: =IF(4>MAX($N$16:$N$5015),"",IF(4>MAX($N$16:$N$5015),"",INDEX($G$16:$G$5015,MATCH((MAX($N$16:$N$5015)-4+1),$N$16:$N$5015,0)))&" › "&IF(4>MAX($N$16:$N$5015),"",INDEX($H$16:$H$5015,MATCH((MAX($N$16:$N$5015)-4+1),$N$16:$N$5015,0)))&" › "&IF(4>MAX($N$16:$N$5015),"",INDEX($I$16:$I$5015,MATCH((MAX($N$16:$N$5015)-4+1),$N$16:$N$5015,0)))) | U8: =IF(4>MAX($N$16:$N$5015),"",INDEX($J$16:$J$5015,MATCH((MAX($N$16:$N$5015)-4+1),$N$16:$N$5015,0)))&IF(IF(4>MAX($N$16:$N$5015),"",INDEX($L$16:$L$5015,MATCH((MAX($N$16:$N$5015)-4+1),$N$16:$N$5015,0)))="",""," ["&IF(4>MAX($N$16:$N$5015),"",INDEX($L$16:$L$5015,MATCH((MAX($N$16:$N$5015)-4+1),$N$16:$N$5015,0)))&"]") | V8: =IF(4>MAX($N$16:$N$5015),"",HYPERLINK("#Transaksi!B"&(MATCH((MAX($N$16:$N$5015)-4+1),$N$16:$N$5015,0)+15),"Buka"))
A9: Tipe | C9: Semua | F9: Pendapatan | G9: =SUMIFS(F16:F5015,M16:M5015,"✓",G16:G5015,"Pendapatan") | P9: =IF(5>MAX($N$16:$N$5015),"",INDEX($B$16:$B$5015,MATCH((MAX($N$16:$N$5015)-5+1),$N$16:$N$5015,0))) | Q9: =IF(5>MAX($N$16:$N$5015),"",INDEX($C$16:$C$5015,MATCH((MAX($N$16:$N$5015)-5+1),$N$16:$N$5015,0)))&IF(IF(5>MAX($N$16:$N$5015),"",INDEX($E$16:$E$5015,MATCH((MAX($N$16:$N$5015)-5+1),$N$16:$N$5015,0)))="",""," → "&IF(5>MAX($N$16:$N$5015),"",INDEX($E$16:$E$5015,MATCH((MAX($N$16:$N$5015)-5+1),$N$16:$N$5015,0)))) | R9: =IF(5>MAX($N$16:$N$5015),"",INDEX($D$16:$D$5015,MATCH((MAX($N$16:$N$5015)-5+1),$N$16:$N$5015,0))) | S9: =IF(5>MAX($N$16:$N$5015),"",INDEX($F$16:$F$5015,MATCH((MAX($N$16:$N$5015)-5+1),$N$16:$N$5015,0))) | T9: =IF(5>MAX($N$16:$N$5015),"",IF(5>MAX($N$16:$N$5015),"",INDEX($G$16:$G$5015,MATCH((MAX($N$16:$N$5015)-5+1),$N$16:$N$5015,0)))&" › "&IF(5>MAX($N$16:$N$5015),"",INDEX($H$16:$H$5015,MATCH((MAX($N$16:$N$5015)-5+1),$N$16:$N$5015,0)))&" › "&IF(5>MAX($N$16:$N$5015),"",INDEX($I$16:$I$5015,MATCH((MAX($N$16:$N$5015)-5+1),$N$16:$N$5015,0)))) | U9: =IF(5>MAX($N$16:$N$5015),"",INDEX($J$16:$J$5015,MATCH((MAX($N$16:$N$5015)-5+1),$N$16:$N$5015,0)))&IF(IF(5>MAX($N$16:$N$5015),"",INDEX($L$16:$L$5015,MATCH((MAX($N$16:$N$5015)-5+1),$N$16:$N$5015,0)))="",""," ["&IF(5>MAX($N$16:$N$5015),"",INDEX($L$16:$L$5015,MATCH((MAX($N$16:$N$5015)-5+1),$N$16:$N$5015,0)))&"]") | V9: =IF(5>MAX($N$16:$N$5015),"",HYPERLINK("#Transaksi!B"&(MATCH((MAX($N$16:$N$5015)-5+1),$N$16:$N$5015,0)+15),"Buka"))
A10: Dari tanggal | F10: Pengeluaran | G10: =SUMIFS(F16:F5015,M16:M5015,"✓",G16:G5015,"Pengeluaran") | P10: =IF(6>MAX($N$16:$N$5015),"",INDEX($B$16:$B$5015,MATCH((MAX($N$16:$N$5015)-6+1),$N$16:$N$5015,0))) | Q10: =IF(6>MAX($N$16:$N$5015),"",INDEX($C$16:$C$5015,MATCH((MAX($N$16:$N$5015)-6+1),$N$16:$N$5015,0)))&IF(IF(6>MAX($N$16:$N$5015),"",INDEX($E$16:$E$5015,MATCH((MAX($N$16:$N$5015)-6+1),$N$16:$N$5015,0)))="",""," → "&IF(6>MAX($N$16:$N$5015),"",INDEX($E$16:$E$5015,MATCH((MAX($N$16:$N$5015)-6+1),$N$16:$N$5015,0)))) | R10: =IF(6>MAX($N$16:$N$5015),"",INDEX($D$16:$D$5015,MATCH((MAX($N$16:$N$5015)-6+1),$N$16:$N$5015,0))) | S10: =IF(6>MAX($N$16:$N$5015),"",INDEX($F$16:$F$5015,MATCH((MAX($N$16:$N$5015)-6+1),$N$16:$N$5015,0))) | T10: =IF(6>MAX($N$16:$N$5015),"",IF(6>MAX($N$16:$N$5015),"",INDEX($G$16:$G$5015,MATCH((MAX($N$16:$N$5015)-6+1),$N$16:$N$5015,0)))&" › "&IF(6>MAX($N$16:$N$5015),"",INDEX($H$16:$H$5015,MATCH((MAX($N$16:$N$5015)-6+1),$N$16:$N$5015,0)))&" › "&IF(6>MAX($N$16:$N$5015),"",INDEX($I$16:$I$5015,MATCH((MAX($N$16:$N$5015)-6+1),$N$16:$N$5015,0)))) | U10: =IF(6>MAX($N$16:$N$5015),"",INDEX($J$16:$J$5015,MATCH((MAX($N$16:$N$5015)-6+1),$N$16:$N$5015,0)))&IF(IF(6>MAX($N$16:$N$5015),"",INDEX($L$16:$L$5015,MATCH((MAX($N$16:$N$5015)-6+1),$N$16:$N$5015,0)))="",""," ["&IF(6>MAX($N$16:$N$5015),"",INDEX($L$16:$L$5015,MATCH((MAX($N$16:$N$5015)-6+1),$N$16:$N$5015,0)))&"]") | V10: =IF(6>MAX($N$16:$N$5015),"",HYPERLINK("#Transaksi!B"&(MATCH((MAX($N$16:$N$5015)-6+1),$N$16:$N$5015,0)+15),"Buka"))
A11: Sampai tanggal | F11: Saldo akun terpilih | G11: =IF(OR($C$8="",$C$8="Semua"),"pilih akun di C8",(SUMIFS(Akun!$C$5:$C$104,Akun!$A$5:$A$104,$C$8,Akun!$D$5:$D$104,"<="&IF($C$11="",TODAY(),$C$11))+SUMIFS(Transaksi!$F$16:$F$5015,Transaksi!$C$16:$C$5015,$C$8,Transaksi!$D$16:$D$5015,"Masuk",Transaksi!$B$16:$B$5015,"<="&IF($C$11="",TODAY(),$C$11))-SUMIFS(Transaksi!$F$16:$F$5015,Transaksi!$C$16:$C$5015,$C$8,Transaksi!$D$16:$D$5015,"Keluar",Transaksi!$B$16:$B$5015,"<="&IF($C$11="",TODAY(),$C$11))-SUMIFS(Transaksi!$F$16:$F$5015,Transaksi!$C$16:$C$5015,$C$8,Transaksi!$D$16:$D$5015,"Pindah",Transaksi!$B$16:$B$5015,"<="&IF($C$11="",TODAY(),$C$11))+SUMIFS(Transaksi!$F$16:$F$5015,Transaksi!$E$16:$E$5015,$C$8,Transaksi!$D$16:$D$5015,"Pindah",Transaksi!$B$16:$B$5015,"<="&IF($C$11="",TODAY(),$C$11)))) | P11: =IF(7>MAX($N$16:$N$5015),"",INDEX($B$16:$B$5015,MATCH((MAX($N$16:$N$5015)-7+1),$N$16:$N$5015,0))) | Q11: =IF(7>MAX($N$16:$N$5015),"",INDEX($C$16:$C$5015,MATCH((MAX($N$16:$N$5015)-7+1),$N$16:$N$5015,0)))&IF(IF(7>MAX($N$16:$N$5015),"",INDEX($E$16:$E$5015,MATCH((MAX($N$16:$N$5015)-7+1),$N$16:$N$5015,0)))="",""," → "&IF(7>MAX($N$16:$N$5015),"",INDEX($E$16:$E$5015,MATCH((MAX($N$16:$N$5015)-7+1),$N$16:$N$5015,0)))) | R11: =IF(7>MAX($N$16:$N$5015),"",INDEX($D$16:$D$5015,MATCH((MAX($N$16:$N$5015)-7+1),$N$16:$N$5015,0))) | S11: =IF(7>MAX($N$16:$N$5015),"",INDEX($F$16:$F$5015,MATCH((MAX($N$16:$N$5015)-7+1),$N$16:$N$5015,0))) | T11: =IF(7>MAX($N$16:$N$5015),"",IF(7>MAX($N$16:$N$5015),"",INDEX($G$16:$G$5015,MATCH((MAX($N$16:$N$5015)-7+1),$N$16:$N$5015,0)))&" › "&IF(7>MAX($N$16:$N$5015),"",INDEX($H$16:$H$5015,MATCH((MAX($N$16:$N$5015)-7+1),$N$16:$N$5015,0)))&" › "&IF(7>MAX($N$16:$N$5015),"",INDEX($I$16:$I$5015,MATCH((MAX($N$16:$N$5015)-7+1),$N$16:$N$5015,0)))) | U11: =IF(7>MAX($N$16:$N$5015),"",INDEX($J$16:$J$5015,MATCH((MAX($N$16:$N$5015)-7+1),$N$16:$N$5015,0)))&IF(IF(7>MAX($N$16:$N$5015),"",INDEX($L$16:$L$5015,MATCH((MAX($N$16:$N$5015)-7+1),$N$16:$N$5015,0)))="",""," ["&IF(7>MAX($N$16:$N$5015),"",INDEX($L$16:$L$5015,MATCH((MAX($N$16:$N$5015)-7+1),$N$16:$N$5015,0)))&"]") | V11: =IF(7>MAX($N$16:$N$5015),"",HYPERLINK("#Transaksi!B"&(MATCH((MAX($N$16:$N$5015)-7+1),$N$16:$N$5015,0)+15),"Buka"))
A12: Hanya "Perlu Dicek" | C12: Tidak | F12: Saldo awal akun itu | G12: =IF(OR($C$8="",$C$8="Semua"),"",SUMIFS(Akun!$C$5:$C$104,Akun!$A$5:$A$104,$C$8)) | P12: =IF(8>MAX($N$16:$N$5015),"",INDEX($B$16:$B$5015,MATCH((MAX($N$16:$N$5015)-8+1),$N$16:$N$5015,0))) | Q12: =IF(8>MAX($N$16:$N$5015),"",INDEX($C$16:$C$5015,MATCH((MAX($N$16:$N$5015)-8+1),$N$16:$N$5015,0)))&IF(IF(8>MAX($N$16:$N$5015),"",INDEX($E$16:$E$5015,MATCH((MAX($N$16:$N$5015)-8+1),$N$16:$N$5015,0)))="",""," → "&IF(8>MAX($N$16:$N$5015),"",INDEX($E$16:$E$5015,MATCH((MAX($N$16:$N$5015)-8+1),$N$16:$N$5015,0)))) | R12: =IF(8>MAX($N$16:$N$5015),"",INDEX($D$16:$D$5015,MATCH((MAX($N$16:$N$5015)-8+1),$N$16:$N$5015,0))) | S12: =IF(8>MAX($N$16:$N$5015),"",INDEX($F$16:$F$5015,MATCH((MAX($N$16:$N$5015)-8+1),$N$16:$N$5015,0))) | T12: =IF(8>MAX($N$16:$N$5015),"",IF(8>MAX($N$16:$N$5015),"",INDEX($G$16:$G$5015,MATCH((MAX($N$16:$N$5015)-8+1),$N$16:$N$5015,0)))&" › "&IF(8>MAX($N$16:$N$5015),"",INDEX($H$16:$H$5015,MATCH((MAX($N$16:$N$5015)-8+1),$N$16:$N$5015,0)))&" › "&IF(8>MAX($N$16:$N$5015),"",INDEX($I$16:$I$5015,MATCH((MAX($N$16:$N$5015)-8+1),$N$16:$N$5015,0)))) | U12: =IF(8>MAX($N$16:$N$5015),"",INDEX($J$16:$J$5015,MATCH((MAX($N$16:$N$5015)-8+1),$N$16:$N$5015,0)))&IF(IF(8>MAX($N$16:$N$5015),"",INDEX($L$16:$L$5015,MATCH((MAX($N$16:$N$5015)-8+1),$N$16:$N$5015,0)))="",""," ["&IF(8>MAX($N$16:$N$5015),"",INDEX($L$16:$L$5015,MATCH((MAX($N$16:$N$5015)-8+1),$N$16:$N$5015,0)))&"]") | V12: =IF(8>MAX($N$16:$N$5015),"",HYPERLINK("#Transaksi!B"&(MATCH((MAX($N$16:$N$5015)-8+1),$N$16:$N$5015,0)+15),"Buka"))
A13: Kos / Kamar | C13: Semua | F13: Saldo akun dihitung sampai "Sampai tanggal" (atau hari ini bila kosong). Contoh melacak saldo akhir Juni 2025 Bank Mandiri: Akun = Bank Mandiri, Sampai tanggal = 30/06/2025. | P13: =IF(9>MAX($N$16:$N$5015),"",INDEX($B$16:$B$5015,MATCH((MAX($N$16:$N$5015)-9+1),$N$16:$N$5015,0))) | Q13: =IF(9>MAX($N$16:$N$5015),"",INDEX($C$16:$C$5015,MATCH((MAX($N$16:$N$5015)-9+1),$N$16:$N$5015,0)))&IF(IF(9>MAX($N$16:$N$5015),"",INDEX($E$16:$E$5015,MATCH((MAX($N$16:$N$5015)-9+1),$N$16:$N$5015,0)))="",""," → "&IF(9>MAX($N$16:$N$5015),"",INDEX($E$16:$E$5015,MATCH((MAX($N$16:$N$5015)-9+1),$N$16:$N$5015,0)))) | R13: =IF(9>MAX($N$16:$N$5015),"",INDEX($D$16:$D$5015,MATCH((MAX($N$16:$N$5015)-9+1),$N$16:$N$5015,0))) | S13: =IF(9>MAX($N$16:$N$5015),"",INDEX($F$16:$F$5015,MATCH((MAX($N$16:$N$5015)-9+1),$N$16:$N$5015,0))) | T13: =IF(9>MAX($N$16:$N$5015),"",IF(9>MAX($N$16:$N$5015),"",INDEX($G$16:$G$5015,MATCH((MAX($N$16:$N$5015)-9+1),$N$16:$N$5015,0)))&" › "&IF(9>MAX($N$16:$N$5015),"",INDEX($H$16:$H$5015,MATCH((MAX($N$16:$N$5015)-9+1),$N$16:$N$5015,0)))&" › "&IF(9>MAX($N$16:$N$5015),"",INDEX($I$16:$I$5015,MATCH((MAX($N$16:$N$5015)-9+1),$N$16:$N$5015,0)))) | U13: =IF(9>MAX($N$16:$N$5015),"",INDEX($J$16:$J$5015,MATCH((MAX($N$16:$N$5015)-9+1),$N$16:$N$5015,0)))&IF(IF(9>MAX($N$16:$N$5015),"",INDEX($L$16:$L$5015,MATCH((MAX($N$16:$N$5015)-9+1),$N$16:$N$5015,0)))="",""," ["&IF(9>MAX($N$16:$N$5015),"",INDEX($L$16:$L$5015,MATCH((MAX($N$16:$N$5015)-9+1),$N$16:$N$5015,0)))&"]") | V13: =IF(9>MAX($N$16:$N$5015),"",HYPERLINK("#Transaksi!B"&(MATCH((MAX($N$16:$N$5015)-9+1),$N$16:$N$5015,0)+15),"Buka"))
P14: =IF(10>MAX($N$16:$N$5015),"",INDEX($B$16:$B$5015,MATCH((MAX($N$16:$N$5015)-10+1),$N$16:$N$5015,0))) | Q14: =IF(10>MAX($N$16:$N$5015),"",INDEX($C$16:$C$5015,MATCH((MAX($N$16:$N$5015)-10+1),$N$16:$N$5015,0)))&IF(IF(10>MAX($N$16:$N$5015),"",INDEX($E$16:$E$5015,MATCH((MAX($N$16:$N$5015)-10+1),$N$16:$N$5015,0)))="",""," → "&IF(10>MAX($N$16:$N$5015),"",INDEX($E$16:$E$5015,MATCH((MAX($N$16:$N$5015)-10+1),$N$16:$N$5015,0)))) | R14: =IF(10>MAX($N$16:$N$5015),"",INDEX($D$16:$D$5015,MATCH((MAX($N$16:$N$5015)-10+1),$N$16:$N$5015,0))) | S14: =IF(10>MAX($N$16:$N$5015),"",INDEX($F$16:$F$5015,MATCH((MAX($N$16:$N$5015)-10+1),$N$16:$N$5015,0))) | T14: =IF(10>MAX($N$16:$N$5015),"",IF(10>MAX($N$16:$N$5015),"",INDEX($G$16:$G$5015,MATCH((MAX($N$16:$N$5015)-10+1),$N$16:$N$5015,0)))&" › "&IF(10>MAX($N$16:$N$5015),"",INDEX($H$16:$H$5015,MATCH((MAX($N$16:$N$5015)-10+1),$N$16:$N$5015,0)))&" › "&IF(10>MAX($N$16:$N$5015),"",INDEX($I$16:$I$5015,MATCH((MAX($N$16:$N$5015)-10+1),$N$16:$N$5015,0)))) | U14: =IF(10>MAX($N$16:$N$5015),"",INDEX($J$16:$J$5015,MATCH((MAX($N$16:$N$5015)-10+1),$N$16:$N$5015,0)))&IF(IF(10>MAX($N$16:$N$5015),"",INDEX($L$16:$L$5015,MATCH((MAX($N$16:$N$5015)-10+1),$N$16:$N$5015,0)))="",""," ["&IF(10>MAX($N$16:$N$5015),"",INDEX($L$16:$L$5015,MATCH((MAX($N$16:$N$5015)-10+1),$N$16:$N$5015,0)))&"]") | V14: =IF(10>MAX($N$16:$N$5015),"",HYPERLINK("#Transaksi!B"&(MATCH((MAX($N$16:$N$5015)-10+1),$N$16:$N$5015,0)+15),"Buka"))
A15: No | B15: Tanggal | C15: Akun | D15: Tipe | E15: Akun Tujuan (Pindah) | F15: Jumlah | G15: Tujuan | H15: Sumber | I15: Kategori | J15: Keterangan | K15: Perlu Dicek | L15: Kos / Kamar | M15: ✓ | O15: Riba | P15: =IF(11>MAX($N$16:$N$5015),"",INDEX($B$16:$B$5015,MATCH((MAX($N$16:$N$5015)-11+1),$N$16:$N$5015,0))) | Q15: =IF(11>MAX($N$16:$N$5015),"",INDEX($C$16:$C$5015,MATCH((MAX($N$16:$N$5015)-11+1),$N$16:$N$5015,0)))&IF(IF(11>MAX($N$16:$N$5015),"",INDEX($E$16:$E$5015,MATCH((MAX($N$16:$N$5015)-11+1),$N$16:$N$5015,0)))="",""," → "&IF(11>MAX($N$16:$N$5015),"",INDEX($E$16:$E$5015,MATCH((MAX($N$16:$N$5015)-11+1),$N$16:$N$5015,0)))) | R15: =IF(11>MAX($N$16:$N$5015),"",INDEX($D$16:$D$5015,MATCH((MAX($N$16:$N$5015)-11+1),$N$16:$N$5015,0))) | S15: =IF(11>MAX($N$16:$N$5015),"",INDEX($F$16:$F$5015,MATCH((MAX($N$16:$N$5015)-11+1),$N$16:$N$5015,0))) | T15: =IF(11>MAX($N$16:$N$5015),"",IF(11>MAX($N$16:$N$5015),"",INDEX($G$16:$G$5015,MATCH((MAX($N$16:$N$5015)-11+1),$N$16:$N$5015,0)))&" › "&IF(11>MAX($N$16:$N$5015),"",INDEX($H$16:$H$5015,MATCH((MAX($N$16:$N$5015)-11+1),$N$16:$N$5015,0)))&" › "&IF(11>MAX($N$16:$N$5015),"",INDEX($I$16:$I$5015,MATCH((MAX($N$16:$N$5015)-11+1),$N$16:$N$5015,0)))) | U15: =IF(11>MAX($N$16:$N$5015),"",INDEX($J$16:$J$5015,MATCH((MAX($N$16:$N$5015)-11+1),$N$16:$N$5015,0)))&IF(IF(11>MAX($N$16:$N$5015),"",INDEX($L$16:$L$5015,MATCH((MAX($N$16:$N$5015)-11+1),$N$16:$N$5015,0)))="",""," ["&IF(11>MAX($N$16:$N$5015),"",INDEX($L$16:$L$5015,MATCH((MAX($N$16:$N$5015)-11+1),$N$16:$N$5015,0)))&"]") | V15: =IF(11>MAX($N$16:$N$5015),"",HYPERLINK("#Transaksi!B"&(MATCH((MAX($N$16:$N$5015)-11+1),$N$16:$N$5015,0)+15),"Buka")) | X15: Buku
A16: =IF(B16="","",ROW()-15) | M16: =IF(AND(B16<>"",OR($C$4="",ISNUMBER(SEARCH($C$4,C16&" "&E16&" "&G16&" "&H16&" "&I16&" "&J16&" "&K16&" "&L16))),OR($C$5="Semua",$C$5="",G16=$C$5),OR($C$6="Semua",$C$6="",H16=$C$6,H16="Pengeluaran "&$C$6,AND($C$6="Uang Kos Mama",H16="Pengeluaran Uang Kos")),OR($C$7="Semua",$C$7="",I16=$C$7),OR($C$8="Semua",$C$8="",C16=$C$8,E16=$C$8),OR($C$9="Semua",$C$9="",D16=$C$9),OR($C$10="",B16>=$C$10),OR($C$11="",B16<=$C$11),OR($C$12<>"Ya",K16<>""),OR($C$13="Semua",$C$13="",L16=$C$13)),"✓","") | N16: =IF(M16="✓",1,0) | O16: =N(O15)+IF(AND(B16<>"",B16>='Uang Riba'!$H$30,B16<='Uang Riba'!$I$30,OR(H16="Dana riba",H16="Pinjam uang riba",I16="Pinjam dari uang riba",I16="Ganti uang riba",I16="Kelebihan ganti dikembalikan",AND(C16="Kantong Uang Riba",G16="Pengeluaran"))),1,0) | P16: =IF(12>MAX($N$16:$N$5015),"",INDEX($B$16:$B$5015,MATCH((MAX($N$16:$N$5015)-12+1),$N$16:$N$5015,0))) | Q16: =IF(12>MAX($N$16:$N$5015),"",INDEX($C$16:$C$5015,MATCH((MAX($N$16:$N$5015)-12+1),$N$16:$N$5015,0)))&IF(IF(12>MAX($N$16:$N$5015),"",INDEX($E$16:$E$5015,MATCH((MAX($N$16:$N$5015)-12+1),$N$16:$N$5015,0)))="",""," → "&IF(12>MAX($N$16:$N$5015),"",INDEX($E$16:$E$5015,MATCH((MAX($N$16:$N$5015)-12+1),$N$16:$N$5015,0)))) | R16: =IF(12>MAX($N$16:$N$5015),"",INDEX($D$16:$D$5015,MATCH((MAX($N$16:$N$5015)-12+1),$N$16:$N$5015,0))) | S16: =IF(12>MAX($N$16:$N$5015),"",INDEX($F$16:$F$5015,MATCH((MAX($N$16:$N$5015)-12+1),$N$16:$N$5015,0))) | T16: =IF(12>MAX($N$16:$N$5015),"",IF(12>MAX($N$16:$N$5015),"",INDEX($G$16:$G$5015,MATCH((MAX($N$16:$N$5015)-12+1),$N$16:$N$5015,0)))&" › "&IF(12>MAX($N$16:$N$5015),"",INDEX($H$16:$H$5015,MATCH((MAX($N$16:$N$5015)-12+1),$N$16:$N$5015,0)))&" › "&IF(12>MAX($N$16:$N$5015),"",INDEX($I$16:$I$5015,MATCH((MAX($N$16:$N$5015)-12+1),$N$16:$N$5015,0)))) | U16: =IF(12>MAX($N$16:$N$5015),"",INDEX($J$16:$J$5015,MATCH((MAX($N$16:$N$5015)-12+1),$N$16:$N$5015,0)))&IF(IF(12>MAX($N$16:$N$5015),"",INDEX($L$16:$L$5015,MATCH((MAX($N$16:$N$5015)-12+1),$N$16:$N$5015,0)))="",""," ["&IF(12>MAX($N$16:$N$5015),"",INDEX($L$16:$L$5015,MATCH((MAX($N$16:$N$5015)-12+1),$N$16:$N$5015,0)))&"]") | V16: =IF(12>MAX($N$16:$N$5015),"",HYPERLINK("#Transaksi!B"&(MATCH((MAX($N$16:$N$5015)-12+1),$N$16:$N$5015,0)+15),"Buka")) | X16: =IF(AND(B16<>"",B16>='Buku Akun'!$H$4,B16<='Buku Akun'!$H$5,OR(C16='Buku Akun'!$C$4,AND(D16="Pindah",E16='Buku Akun'!$C$4))),B16+IF(AND(I16="Selisih bunga",DAY(B16)=1),0,0.01)+ROW()/10000000,"")
A17: =IF(B17="","",ROW()-15) | M17: =IF(AND(B17<>"",OR($C$4="",ISNUMBER(SEARCH($C$4,C17&" "&E17&" "&G17&" "&H17&" "&I17&" "&J17&" "&K17&" "&L17))),OR($C$5="Semua",$C$5="",G17=$C$5),OR($C$6="Semua",$C$6="",H17=$C$6,H17="Pengeluaran "&$C$6,AND($C$6="Uang Kos Mama",H17="Pengeluaran Uang Kos")),OR($C$7="Semua",$C$7="",I17=$C$7),OR($C$8="Semua",$C$8="",C17=$C$8,E17=$C$8),OR($C$9="Semua",$C$9="",D17=$C$9),OR($C$10="",B17>=$C$10),OR($C$11="",B17<=$C$11),OR($C$12<>"Ya",K17<>""),OR($C$13="Semua",$C$13="",L17=$C$13)),"✓","") | N17: =N(N16)+IF(M17="✓",1,0) | O17: =N(O16)+IF(AND(B17<>"",B17>='Uang Riba'!$H$30,B17<='Uang Riba'!$I$30,OR(H17="Dana riba",H17="Pinjam uang riba",I17="Pinjam dari uang riba",I17="Ganti uang riba",I17="Kelebihan ganti dikembalikan",AND(C17="Kantong Uang Riba",G17="Pengeluaran"))),1,0) | P17: =IF(13>MAX($N$16:$N$5015),"",INDEX($B$16:$B$5015,MATCH((MAX($N$16:$N$5015)-13+1),$N$16:$N$5015,0))) | Q17: =IF(13>MAX($N$16:$N$5015),"",INDEX($C$16:$C$5015,MATCH((MAX($N$16:$N$5015)-13+1),$N$16:$N$5015,0)))&IF(IF(13>MAX($N$16:$N$5015),"",INDEX($E$16:$E$5015,MATCH((MAX($N$16:$N$5015)-13+1),$N$16:$N$5015,0)))="",""," → "&IF(13>MAX($N$16:$N$5015),"",INDEX($E$16:$E$5015,MATCH((MAX($N$16:$N$5015)-13+1),$N$16:$N$5015,0)))) | R17: =IF(13>MAX($N$16:$N$5015),"",INDEX($D$16:$D$5015,MATCH((MAX($N$16:$N$5015)-13+1),$N$16:$N$5015,0))) | S17: =IF(13>MAX($N$16:$N$5015),"",INDEX($F$16:$F$5015,MATCH((MAX($N$16:$N$5015)-13+1),$N$16:$N$5015,0))) | T17: =IF(13>MAX($N$16:$N$5015),"",IF(13>MAX($N$16:$N$5015),"",INDEX($G$16:$G$5015,MATCH((MAX($N$16:$N$5015)-13+1),$N$16:$N$5015,0)))&" › "&IF(13>MAX($N$16:$N$5015),"",INDEX($H$16:$H$5015,MATCH((MAX($N$16:$N$5015)-13+1),$N$16:$N$5015,0)))&" › "&IF(13>MAX($N$16:$N$5015),"",INDEX($I$16:$I$5015,MATCH((MAX($N$16:$N$5015)-13+1),$N$16:$N$5015,0)))) | U17: =IF(13>MAX($N$16:$N$5015),"",INDEX($J$16:$J$5015,MATCH((MAX($N$16:$N$5015)-13+1),$N$16:$N$5015,0)))&IF(IF(13>MAX($N$16:$N$5015),"",INDEX($L$16:$L$5015,MATCH((MAX($N$16:$N$5015)-13+1),$N$16:$N$5015,0)))="",""," ["&IF(13>MAX($N$16:$N$5015),"",INDEX($L$16:$L$5015,MATCH((MAX($N$16:$N$5015)-13+1),$N$16:$N$5015,0)))&"]") | V17: =IF(13>MAX($N$16:$N$5015),"",HYPERLINK("#Transaksi!B"&(MATCH((MAX($N$16:$N$5015)-13+1),$N$16:$N$5015,0)+15),"Buka")) | X17: =IF(AND(B17<>"",B17>='Buku Akun'!$H$4,B17<='Buku Akun'!$H$5,OR(C17='Buku Akun'!$C$4,AND(D17="Pindah",E17='Buku Akun'!$C$4))),B17+IF(AND(I17="Selisih bunga",DAY(B17)=1),0,0.01)+ROW()/10000000,"")
A18: =IF(B18="","",ROW()-15) | M18: =IF(AND(B18<>"",OR($C$4="",ISNUMBER(SEARCH($C$4,C18&" "&E18&" "&G18&" "&H18&" "&I18&" "&J18&" "&K18&" "&L18))),OR($C$5="Semua",$C$5="",G18=$C$5),OR($C$6="Semua",$C$6="",H18=$C$6,H18="Pengeluaran "&$C$6,AND($C$6="Uang Kos Mama",H18="Pengeluaran Uang Kos")),OR($C$7="Semua",$C$7="",I18=$C$7),OR($C$8="Semua",$C$8="",C18=$C$8,E18=$C$8),OR($C$9="Semua",$C$9="",D18=$C$9),OR($C$10="",B18>=$C$10),OR($C$11="",B18<=$C$11),OR($C$12<>"Ya",K18<>""),OR($C$13="Semua",$C$13="",L18=$C$13)),"✓","") | N18: =N(N17)+IF(M18="✓",1,0) | O18: =N(O17)+IF(AND(B18<>"",B18>='Uang Riba'!$H$30,B18<='Uang Riba'!$I$30,OR(H18="Dana riba",H18="Pinjam uang riba",I18="Pinjam dari uang riba",I18="Ganti uang riba",I18="Kelebihan ganti dikembalikan",AND(C18="Kantong Uang Riba",G18="Pengeluaran"))),1,0) | P18: =IF(14>MAX($N$16:$N$5015),"",INDEX($B$16:$B$5015,MATCH((MAX($N$16:$N$5015)-14+1),$N$16:$N$5015,0))) | Q18: =IF(14>MAX($N$16:$N$5015),"",INDEX($C$16:$C$5015,MATCH((MAX($N$16:$N$5015)-14+1),$N$16:$N$5015,0)))&IF(IF(14>MAX($N$16:$N$5015),"",INDEX($E$16:$E$5015,MATCH((MAX($N$16:$N$5015)-14+1),$N$16:$N$5015,0)))="",""," → "&IF(14>MAX($N$16:$N$5015),"",INDEX($E$16:$E$5015,MATCH((MAX($N$16:$N$5015)-14+1),$N$16:$N$5015,0)))) | R18: =IF(14>MAX($N$16:$N$5015),"",INDEX($D$16:$D$5015,MATCH((MAX($N$16:$N$5015)-14+1),$N$16:$N$5015,0))) | S18: =IF(14>MAX($N$16:$N$5015),"",INDEX($F$16:$F$5015,MATCH((MAX($N$16:$N$5015)-14+1),$N$16:$N$5015,0))) | T18: =IF(14>MAX($N$16:$N$5015),"",IF(14>MAX($N$16:$N$5015),"",INDEX($G$16:$G$5015,MATCH((MAX($N$16:$N$5015)-14+1),$N$16:$N$5015,0)))&" › "&IF(14>MAX($N$16:$N$5015),"",INDEX($H$16:$H$5015,MATCH((MAX($N$16:$N$5015)-14+1),$N$16:$N$5015,0)))&" › "&IF(14>MAX($N$16:$N$5015),"",INDEX($I$16:$I$5015,MATCH((MAX($N$16:$N$5015)-14+1),$N$16:$N$5015,0)))) | U18: =IF(14>MAX($N$16:$N$5015),"",INDEX($J$16:$J$5015,MATCH((MAX($N$16:$N$5015)-14+1),$N$16:$N$5015,0)))&IF(IF(14>MAX($N$16:$N$5015),"",INDEX($L$16:$L$5015,MATCH((MAX($N$16:$N$5015)-14+1),$N$16:$N$5015,0)))="",""," ["&IF(14>MAX($N$16:$N$5015),"",INDEX($L$16:$L$5015,MATCH((MAX($N$16:$N$5015)-14+1),$N$16:$N$5015,0)))&"]") | V18: =IF(14>MAX($N$16:$N$5015),"",HYPERLINK("#Transaksi!B"&(MATCH((MAX($N$16:$N$5015)-14+1),$N$16:$N$5015,0)+15),"Buka")) | X18: =IF(AND(B18<>"",B18>='Buku Akun'!$H$4,B18<='Buku Akun'!$H$5,OR(C18='Buku Akun'!$C$4,AND(D18="Pindah",E18='Buku Akun'!$C$4))),B18+IF(AND(I18="Selisih bunga",DAY(B18)=1),0,0.01)+ROW()/10000000,"")
A19: =IF(B19="","",ROW()-15) | M19: =IF(AND(B19<>"",OR($C$4="",ISNUMBER(SEARCH($C$4,C19&" "&E19&" "&G19&" "&H19&" "&I19&" "&J19&" "&K19&" "&L19))),OR($C$5="Semua",$C$5="",G19=$C$5),OR($C$6="Semua",$C$6="",H19=$C$6,H19="Pengeluaran "&$C$6,AND($C$6="Uang Kos Mama",H19="Pengeluaran Uang Kos")),OR($C$7="Semua",$C$7="",I19=$C$7),OR($C$8="Semua",$C$8="",C19=$C$8,E19=$C$8),OR($C$9="Semua",$C$9="",D19=$C$9),OR($C$10="",B19>=$C$10),OR($C$11="",B19<=$C$11),OR($C$12<>"Ya",K19<>""),OR($C$13="Semua",$C$13="",L19=$C$13)),"✓","") | N19: =N(N18)+IF(M19="✓",1,0) | O19: =N(O18)+IF(AND(B19<>"",B19>='Uang Riba'!$H$30,B19<='Uang Riba'!$I$30,OR(H19="Dana riba",H19="Pinjam uang riba",I19="Pinjam dari uang riba",I19="Ganti uang riba",I19="Kelebihan ganti dikembalikan",AND(C19="Kantong Uang Riba",G19="Pengeluaran"))),1,0) | P19: =IF(15>MAX($N$16:$N$5015),"",INDEX($B$16:$B$5015,MATCH((MAX($N$16:$N$5015)-15+1),$N$16:$N$5015,0))) | Q19: =IF(15>MAX($N$16:$N$5015),"",INDEX($C$16:$C$5015,MATCH((MAX($N$16:$N$5015)-15+1),$N$16:$N$5015,0)))&IF(IF(15>MAX($N$16:$N$5015),"",INDEX($E$16:$E$5015,MATCH((MAX($N$16:$N$5015)-15+1),$N$16:$N$5015,0)))="",""," → "&IF(15>MAX($N$16:$N$5015),"",INDEX($E$16:$E$5015,MATCH((MAX($N$16:$N$5015)-15+1),$N$16:$N$5015,0)))) | R19: =IF(15>MAX($N$16:$N$5015),"",INDEX($D$16:$D$5015,MATCH((MAX($N$16:$N$5015)-15+1),$N$16:$N$5015,0))) | S19: =IF(15>MAX($N$16:$N$5015),"",INDEX($F$16:$F$5015,MATCH((MAX($N$16:$N$5015)-15+1),$N$16:$N$5015,0))) | T19: =IF(15>MAX($N$16:$N$5015),"",IF(15>MAX($N$16:$N$5015),"",INDEX($G$16:$G$5015,MATCH((MAX($N$16:$N$5015)-15+1),$N$16:$N$5015,0)))&" › "&IF(15>MAX($N$16:$N$5015),"",INDEX($H$16:$H$5015,MATCH((MAX($N$16:$N$5015)-15+1),$N$16:$N$5015,0)))&" › "&IF(15>MAX($N$16:$N$5015),"",INDEX($I$16:$I$5015,MATCH((MAX($N$16:$N$5015)-15+1),$N$16:$N$5015,0)))) | U19: =IF(15>MAX($N$16:$N$5015),"",INDEX($J$16:$J$5015,MATCH((MAX($N$16:$N$5015)-15+1),$N$16:$N$5015,0)))&IF(IF(15>MAX($N$16:$N$5015),"",INDEX($L$16:$L$5015,MATCH((MAX($N$16:$N$5015)-15+1),$N$16:$N$5015,0)))="",""," ["&IF(15>MAX($N$16:$N$5015),"",INDEX($L$16:$L$5015,MATCH((MAX($N$16:$N$5015)-15+1),$N$16:$N$5015,0)))&"]") | V19: =IF(15>MAX($N$16:$N$5015),"",HYPERLINK("#Transaksi!B"&(MATCH((MAX($N$16:$N$5015)-15+1),$N$16:$N$5015,0)+15),"Buka")) | X19: =IF(AND(B19<>"",B19>='Buku Akun'!$H$4,B19<='Buku Akun'!$H$5,OR(C19='Buku Akun'!$C$4,AND(D19="Pindah",E19='Buku Akun'!$C$4))),B19+IF(AND(I19="Selisih bunga",DAY(B19)=1),0,0.01)+ROW()/10000000,"")
A20: =IF(B20="","",ROW()-15) | M20: =IF(AND(B20<>"",OR($C$4="",ISNUMBER(SEARCH($C$4,C20&" "&E20&" "&G20&" "&H20&" "&I20&" "&J20&" "&K20&" "&L20))),OR($C$5="Semua",$C$5="",G20=$C$5),OR($C$6="Semua",$C$6="",H20=$C$6,H20="Pengeluaran "&$C$6,AND($C$6="Uang Kos Mama",H20="Pengeluaran Uang Kos")),OR($C$7="Semua",$C$7="",I20=$C$7),OR($C$8="Semua",$C$8="",C20=$C$8,E20=$C$8),OR($C$9="Semua",$C$9="",D20=$C$9),OR($C$10="",B20>=$C$10),OR($C$11="",B20<=$C$11),OR($C$12<>"Ya",K20<>""),OR($C$13="Semua",$C$13="",L20=$C$13)),"✓","") | N20: =N(N19)+IF(M20="✓",1,0) | O20: =N(O19)+IF(AND(B20<>"",B20>='Uang Riba'!$H$30,B20<='Uang Riba'!$I$30,OR(H20="Dana riba",H20="Pinjam uang riba",I20="Pinjam dari uang riba",I20="Ganti uang riba",I20="Kelebihan ganti dikembalikan",AND(C20="Kantong Uang Riba",G20="Pengeluaran"))),1,0) | P20: =IF(16>MAX($N$16:$N$5015),"",INDEX($B$16:$B$5015,MATCH((MAX($N$16:$N$5015)-16+1),$N$16:$N$5015,0))) | Q20: =IF(16>MAX($N$16:$N$5015),"",INDEX($C$16:$C$5015,MATCH((MAX($N$16:$N$5015)-16+1),$N$16:$N$5015,0)))&IF(IF(16>MAX($N$16:$N$5015),"",INDEX($E$16:$E$5015,MATCH((MAX($N$16:$N$5015)-16+1),$N$16:$N$5015,0)))="",""," → "&IF(16>MAX($N$16:$N$5015),"",INDEX($E$16:$E$5015,MATCH((MAX($N$16:$N$5015)-16+1),$N$16:$N$5015,0)))) | R20: =IF(16>MAX($N$16:$N$5015),"",INDEX($D$16:$D$5015,MATCH((MAX($N$16:$N$5015)-16+1),$N$16:$N$5015,0))) | S20: =IF(16>MAX($N$16:$N$5015),"",INDEX($F$16:$F$5015,MATCH((MAX($N$16:$N$5015)-16+1),$N$16:$N$5015,0))) | T20: =IF(16>MAX($N$16:$N$5015),"",IF(16>MAX($N$16:$N$5015),"",INDEX($G$16:$G$5015,MATCH((MAX($N$16:$N$5015)-16+1),$N$16:$N$5015,0)))&" › "&IF(16>MAX($N$16:$N$5015),"",INDEX($H$16:$H$5015,MATCH((MAX($N$16:$N$5015)-16+1),$N$16:$N$5015,0)))&" › "&IF(16>MAX($N$16:$N$5015),"",INDEX($I$16:$I$5015,MATCH((MAX($N$16:$N$5015)-16+1),$N$16:$N$5015,0)))) | U20: =IF(16>MAX($N$16:$N$5015),"",INDEX($J$16:$J$5015,MATCH((MAX($N$16:$N$5015)-16+1),$N$16:$N$5015,0)))&IF(IF(16>MAX($N$16:$N$5015),"",INDEX($L$16:$L$5015,MATCH((MAX($N$16:$N$5015)-16+1),$N$16:$N$5015,0)))="",""," ["&IF(16>MAX($N$16:$N$5015),"",INDEX($L$16:$L$5015,MATCH((MAX($N$16:$N$5015)-16+1),$N$16:$N$5015,0)))&"]") | V20: =IF(16>MAX($N$16:$N$5015),"",HYPERLINK("#Transaksi!B"&(MATCH((MAX($N$16:$N$5015)-16+1),$N$16:$N$5015,0)+15),"Buka")) | X20: =IF(AND(B20<>"",B20>='Buku Akun'!$H$4,B20<='Buku Akun'!$H$5,OR(C20='Buku Akun'!$C$4,AND(D20="Pindah",E20='Buku Akun'!$C$4))),B20+IF(AND(I20="Selisih bunga",DAY(B20)=1),0,0.01)+ROW()/10000000,"")
A21: =IF(B21="","",ROW()-15) | M21: =IF(AND(B21<>"",OR($C$4="",ISNUMBER(SEARCH($C$4,C21&" "&E21&" "&G21&" "&H21&" "&I21&" "&J21&" "&K21&" "&L21))),OR($C$5="Semua",$C$5="",G21=$C$5),OR($C$6="Semua",$C$6="",H21=$C$6,H21="Pengeluaran "&$C$6,AND($C$6="Uang Kos Mama",H21="Pengeluaran Uang Kos")),OR($C$7="Semua",$C$7="",I21=$C$7),OR($C$8="Semua",$C$8="",C21=$C$8,E21=$C$8),OR($C$9="Semua",$C$9="",D21=$C$9),OR($C$10="",B21>=$C$10),OR($C$11="",B21<=$C$11),OR($C$12<>"Ya",K21<>""),OR($C$13="Semua",$C$13="",L21=$C$13)),"✓","") | N21: =N(N20)+IF(M21="✓",1,0) | O21: =N(O20)+IF(AND(B21<>"",B21>='Uang Riba'!$H$30,B21<='Uang Riba'!$I$30,OR(H21="Dana riba",H21="Pinjam uang riba",I21="Pinjam dari uang riba",I21="Ganti uang riba",I21="Kelebihan ganti dikembalikan",AND(C21="Kantong Uang Riba",G21="Pengeluaran"))),1,0) | P21: =IF(17>MAX($N$16:$N$5015),"",INDEX($B$16:$B$5015,MATCH((MAX($N$16:$N$5015)-17+1),$N$16:$N$5015,0))) | Q21: =IF(17>MAX($N$16:$N$5015),"",INDEX($C$16:$C$5015,MATCH((MAX($N$16:$N$5015)-17+1),$N$16:$N$5015,0)))&IF(IF(17>MAX($N$16:$N$5015),"",INDEX($E$16:$E$5015,MATCH((MAX($N$16:$N$5015)-17+1),$N$16:$N$5015,0)))="",""," → "&IF(17>MAX($N$16:$N$5015),"",INDEX($E$16:$E$5015,MATCH((MAX($N$16:$N$5015)-17+1),$N$16:$N$5015,0)))) | R21: =IF(17>MAX($N$16:$N$5015),"",INDEX($D$16:$D$5015,MATCH((MAX($N$16:$N$5015)-17+1),$N$16:$N$5015,0))) | S21: =IF(17>MAX($N$16:$N$5015),"",INDEX($F$16:$F$5015,MATCH((MAX($N$16:$N$5015)-17+1),$N$16:$N$5015,0))) | T21: =IF(17>MAX($N$16:$N$5015),"",IF(17>MAX($N$16:$N$5015),"",INDEX($G$16:$G$5015,MATCH((MAX($N$16:$N$5015)-17+1),$N$16:$N$5015,0)))&" › "&IF(17>MAX($N$16:$N$5015),"",INDEX($H$16:$H$5015,MATCH((MAX($N$16:$N$5015)-17+1),$N$16:$N$5015,0)))&" › "&IF(17>MAX($N$16:$N$5015),"",INDEX($I$16:$I$5015,MATCH((MAX($N$16:$N$5015)-17+1),$N$16:$N$5015,0)))) | U21: =IF(17>MAX($N$16:$N$5015),"",INDEX($J$16:$J$5015,MATCH((MAX($N$16:$N$5015)-17+1),$N$16:$N$5015,0)))&IF(IF(17>MAX($N$16:$N$5015),"",INDEX($L$16:$L$5015,MATCH((MAX($N$16:$N$5015)-17+1),$N$16:$N$5015,0)))="",""," ["&IF(17>MAX($N$16:$N$5015),"",INDEX($L$16:$L$5015,MATCH((MAX($N$16:$N$5015)-17+1),$N$16:$N$5015,0)))&"]") | V21: =IF(17>MAX($N$16:$N$5015),"",HYPERLINK("#Transaksi!B"&(MATCH((MAX($N$16:$N$5015)-17+1),$N$16:$N$5015,0)+15),"Buka")) | X21: =IF(AND(B21<>"",B21>='Buku Akun'!$H$4,B21<='Buku Akun'!$H$5,OR(C21='Buku Akun'!$C$4,AND(D21="Pindah",E21='Buku Akun'!$C$4))),B21+IF(AND(I21="Selisih bunga",DAY(B21)=1),0,0.01)+ROW()/10000000,"")
A22: =IF(B22="","",ROW()-15) | M22: =IF(AND(B22<>"",OR($C$4="",ISNUMBER(SEARCH($C$4,C22&" "&E22&" "&G22&" "&H22&" "&I22&" "&J22&" "&K22&" "&L22))),OR($C$5="Semua",$C$5="",G22=$C$5),OR($C$6="Semua",$C$6="",H22=$C$6,H22="Pengeluaran "&$C$6,AND($C$6="Uang Kos Mama",H22="Pengeluaran Uang Kos")),OR($C$7="Semua",$C$7="",I22=$C$7),OR($C$8="Semua",$C$8="",C22=$C$8,E22=$C$8),OR($C$9="Semua",$C$9="",D22=$C$9),OR($C$10="",B22>=$C$10),OR($C$11="",B22<=$C$11),OR($C$12<>"Ya",K22<>""),OR($C$13="Semua",$C$13="",L22=$C$13)),"✓","") | N22: =N(N21)+IF(M22="✓",1,0) | O22: =N(O21)+IF(AND(B22<>"",B22>='Uang Riba'!$H$30,B22<='Uang Riba'!$I$30,OR(H22="Dana riba",H22="Pinjam uang riba",I22="Pinjam dari uang riba",I22="Ganti uang riba",I22="Kelebihan ganti dikembalikan",AND(C22="Kantong Uang Riba",G22="Pengeluaran"))),1,0) | P22: =IF(18>MAX($N$16:$N$5015),"",INDEX($B$16:$B$5015,MATCH((MAX($N$16:$N$5015)-18+1),$N$16:$N$5015,0))) | Q22: =IF(18>MAX($N$16:$N$5015),"",INDEX($C$16:$C$5015,MATCH((MAX($N$16:$N$5015)-18+1),$N$16:$N$5015,0)))&IF(IF(18>MAX($N$16:$N$5015),"",INDEX($E$16:$E$5015,MATCH((MAX($N$16:$N$5015)-18+1),$N$16:$N$5015,0)))="",""," → "&IF(18>MAX($N$16:$N$5015),"",INDEX($E$16:$E$5015,MATCH((MAX($N$16:$N$5015)-18+1),$N$16:$N$5015,0)))) | R22: =IF(18>MAX($N$16:$N$5015),"",INDEX($D$16:$D$5015,MATCH((MAX($N$16:$N$5015)-18+1),$N$16:$N$5015,0))) | S22: =IF(18>MAX($N$16:$N$5015),"",INDEX($F$16:$F$5015,MATCH((MAX($N$16:$N$5015)-18+1),$N$16:$N$5015,0))) | T22: =IF(18>MAX($N$16:$N$5015),"",IF(18>MAX($N$16:$N$5015),"",INDEX($G$16:$G$5015,MATCH((MAX($N$16:$N$5015)-18+1),$N$16:$N$5015,0)))&" › "&IF(18>MAX($N$16:$N$5015),"",INDEX($H$16:$H$5015,MATCH((MAX($N$16:$N$5015)-18+1),$N$16:$N$5015,0)))&" › "&IF(18>MAX($N$16:$N$5015),"",INDEX($I$16:$I$5015,MATCH((MAX($N$16:$N$5015)-18+1),$N$16:$N$5015,0)))) | U22: =IF(18>MAX($N$16:$N$5015),"",INDEX($J$16:$J$5015,MATCH((MAX($N$16:$N$5015)-18+1),$N$16:$N$5015,0)))&IF(IF(18>MAX($N$16:$N$5015),"",INDEX($L$16:$L$5015,MATCH((MAX($N$16:$N$5015)-18+1),$N$16:$N$5015,0)))="",""," ["&IF(18>MAX($N$16:$N$5015),"",INDEX($L$16:$L$5015,MATCH((MAX($N$16:$N$5015)-18+1),$N$16:$N$5015,0)))&"]") | V22: =IF(18>MAX($N$16:$N$5015),"",HYPERLINK("#Transaksi!B"&(MATCH((MAX($N$16:$N$5015)-18+1),$N$16:$N$5015,0)+15),"Buka")) | X22: =IF(AND(B22<>"",B22>='Buku Akun'!$H$4,B22<='Buku Akun'!$H$5,OR(C22='Buku Akun'!$C$4,AND(D22="Pindah",E22='Buku Akun'!$C$4))),B22+IF(AND(I22="Selisih bunga",DAY(B22)=1),0,0.01)+ROW()/10000000,"")
A23: =IF(B23="","",ROW()-15) | M23: =IF(AND(B23<>"",OR($C$4="",ISNUMBER(SEARCH($C$4,C23&" "&E23&" "&G23&" "&H23&" "&I23&" "&J23&" "&K23&" "&L23))),OR($C$5="Semua",$C$5="",G23=$C$5),OR($C$6="Semua",$C$6="",H23=$C$6,H23="Pengeluaran "&$C$6,AND($C$6="Uang Kos Mama",H23="Pengeluaran Uang Kos")),OR($C$7="Semua",$C$7="",I23=$C$7),OR($C$8="Semua",$C$8="",C23=$C$8,E23=$C$8),OR($C$9="Semua",$C$9="",D23=$C$9),OR($C$10="",B23>=$C$10),OR($C$11="",B23<=$C$11),OR($C$12<>"Ya",K23<>""),OR($C$13="Semua",$C$13="",L23=$C$13)),"✓","") | N23: =N(N22)+IF(M23="✓",1,0) | O23: =N(O22)+IF(AND(B23<>"",B23>='Uang Riba'!$H$30,B23<='Uang Riba'!$I$30,OR(H23="Dana riba",H23="Pinjam uang riba",I23="Pinjam dari uang riba",I23="Ganti uang riba",I23="Kelebihan ganti dikembalikan",AND(C23="Kantong Uang Riba",G23="Pengeluaran"))),1,0) | P23: =IF(19>MAX($N$16:$N$5015),"",INDEX($B$16:$B$5015,MATCH((MAX($N$16:$N$5015)-19+1),$N$16:$N$5015,0))) | Q23: =IF(19>MAX($N$16:$N$5015),"",INDEX($C$16:$C$5015,MATCH((MAX($N$16:$N$5015)-19+1),$N$16:$N$5015,0)))&IF(IF(19>MAX($N$16:$N$5015),"",INDEX($E$16:$E$5015,MATCH((MAX($N$16:$N$5015)-19+1),$N$16:$N$5015,0)))="",""," → "&IF(19>MAX($N$16:$N$5015),"",INDEX($E$16:$E$5015,MATCH((MAX($N$16:$N$5015)-19+1),$N$16:$N$5015,0)))) | R23: =IF(19>MAX($N$16:$N$5015),"",INDEX($D$16:$D$5015,MATCH((MAX($N$16:$N$5015)-19+1),$N$16:$N$5015,0))) | S23: =IF(19>MAX($N$16:$N$5015),"",INDEX($F$16:$F$5015,MATCH((MAX($N$16:$N$5015)-19+1),$N$16:$N$5015,0))) | T23: =IF(19>MAX($N$16:$N$5015),"",IF(19>MAX($N$16:$N$5015),"",INDEX($G$16:$G$5015,MATCH((MAX($N$16:$N$5015)-19+1),$N$16:$N$5015,0)))&" › "&IF(19>MAX($N$16:$N$5015),"",INDEX($H$16:$H$5015,MATCH((MAX($N$16:$N$5015)-19+1),$N$16:$N$5015,0)))&" › "&IF(19>MAX($N$16:$N$5015),"",INDEX($I$16:$I$5015,MATCH((MAX($N$16:$N$5015)-19+1),$N$16:$N$5015,0)))) | U23: =IF(19>MAX($N$16:$N$5015),"",INDEX($J$16:$J$5015,MATCH((MAX($N$16:$N$5015)-19+1),$N$16:$N$5015,0)))&IF(IF(19>MAX($N$16:$N$5015),"",INDEX($L$16:$L$5015,MATCH((MAX($N$16:$N$5015)-19+1),$N$16:$N$5015,0)))="",""," ["&IF(19>MAX($N$16:$N$5015),"",INDEX($L$16:$L$5015,MATCH((MAX($N$16:$N$5015)-19+1),$N$16:$N$5015,0)))&"]") | V23: =IF(19>MAX($N$16:$N$5015),"",HYPERLINK("#Transaksi!B"&(MATCH((MAX($N$16:$N$5015)-19+1),$N$16:$N$5015,0)+15),"Buka")) | X23: =IF(AND(B23<>"",B23>='Buku Akun'!$H$4,B23<='Buku Akun'!$H$5,OR(C23='Buku Akun'!$C$4,AND(D23="Pindah",E23='Buku Akun'!$C$4))),B23+IF(AND(I23="Selisih bunga",DAY(B23)=1),0,0.01)+ROW()/10000000,"")
A24: =IF(B24="","",ROW()-15) | M24: =IF(AND(B24<>"",OR($C$4="",ISNUMBER(SEARCH($C$4,C24&" "&E24&" "&G24&" "&H24&" "&I24&" "&J24&" "&K24&" "&L24))),OR($C$5="Semua",$C$5="",G24=$C$5),OR($C$6="Semua",$C$6="",H24=$C$6,H24="Pengeluaran "&$C$6,AND($C$6="Uang Kos Mama",H24="Pengeluaran Uang Kos")),OR($C$7="Semua",$C$7="",I24=$C$7),OR($C$8="Semua",$C$8="",C24=$C$8,E24=$C$8),OR($C$9="Semua",$C$9="",D24=$C$9),OR($C$10="",B24>=$C$10),OR($C$11="",B24<=$C$11),OR($C$12<>"Ya",K24<>""),OR($C$13="Semua",$C$13="",L24=$C$13)),"✓","") | N24: =N(N23)+IF(M24="✓",1,0) | O24: =N(O23)+IF(AND(B24<>"",B24>='Uang Riba'!$H$30,B24<='Uang Riba'!$I$30,OR(H24="Dana riba",H24="Pinjam uang riba",I24="Pinjam dari uang riba",I24="Ganti uang riba",I24="Kelebihan ganti dikembalikan",AND(C24="Kantong Uang Riba",G24="Pengeluaran"))),1,0) | P24: =IF(20>MAX($N$16:$N$5015),"",INDEX($B$16:$B$5015,MATCH((MAX($N$16:$N$5015)-20+1),$N$16:$N$5015,0))) | Q24: =IF(20>MAX($N$16:$N$5015),"",INDEX($C$16:$C$5015,MATCH((MAX($N$16:$N$5015)-20+1),$N$16:$N$5015,0)))&IF(IF(20>MAX($N$16:$N$5015),"",INDEX($E$16:$E$5015,MATCH((MAX($N$16:$N$5015)-20+1),$N$16:$N$5015,0)))="",""," → "&IF(20>MAX($N$16:$N$5015),"",INDEX($E$16:$E$5015,MATCH((MAX($N$16:$N$5015)-20+1),$N$16:$N$5015,0)))) | R24: =IF(20>MAX($N$16:$N$5015),"",INDEX($D$16:$D$5015,MATCH((MAX($N$16:$N$5015)-20+1),$N$16:$N$5015,0))) | S24: =IF(20>MAX($N$16:$N$5015),"",INDEX($F$16:$F$5015,MATCH((MAX($N$16:$N$5015)-20+1),$N$16:$N$5015,0))) | T24: =IF(20>MAX($N$16:$N$5015),"",IF(20>MAX($N$16:$N$5015),"",INDEX($G$16:$G$5015,MATCH((MAX($N$16:$N$5015)-20+1),$N$16:$N$5015,0)))&" › "&IF(20>MAX($N$16:$N$5015),"",INDEX($H$16:$H$5015,MATCH((MAX($N$16:$N$5015)-20+1),$N$16:$N$5015,0)))&" › "&IF(20>MAX($N$16:$N$5015),"",INDEX($I$16:$I$5015,MATCH((MAX($N$16:$N$5015)-20+1),$N$16:$N$5015,0)))) | U24: =IF(20>MAX($N$16:$N$5015),"",INDEX($J$16:$J$5015,MATCH((MAX($N$16:$N$5015)-20+1),$N$16:$N$5015,0)))&IF(IF(20>MAX($N$16:$N$5015),"",INDEX($L$16:$L$5015,MATCH((MAX($N$16:$N$5015)-20+1),$N$16:$N$5015,0)))="",""," ["&IF(20>MAX($N$16:$N$5015),"",INDEX($L$16:$L$5015,MATCH((MAX($N$16:$N$5015)-20+1),$N$16:$N$5015,0)))&"]") | V24: =IF(20>MAX($N$16:$N$5015),"",HYPERLINK("#Transaksi!B"&(MATCH((MAX($N$16:$N$5015)-20+1),$N$16:$N$5015,0)+15),"Buka")) | X24: =IF(AND(B24<>"",B24>='Buku Akun'!$H$4,B24<='Buku Akun'!$H$5,OR(C24='Buku Akun'!$C$4,AND(D24="Pindah",E24='Buku Akun'!$C$4))),B24+IF(AND(I24="Selisih bunga",DAY(B24)=1),0,0.01)+ROW()/10000000,"")
A25: =IF(B25="","",ROW()-15) | M25: =IF(AND(B25<>"",OR($C$4="",ISNUMBER(SEARCH($C$4,C25&" "&E25&" "&G25&" "&H25&" "&I25&" "&J25&" "&K25&" "&L25))),OR($C$5="Semua",$C$5="",G25=$C$5),OR($C$6="Semua",$C$6="",H25=$C$6,H25="Pengeluaran "&$C$6,AND($C$6="Uang Kos Mama",H25="Pengeluaran Uang Kos")),OR($C$7="Semua",$C$7="",I25=$C$7),OR($C$8="Semua",$C$8="",C25=$C$8,E25=$C$8),OR($C$9="Semua",$C$9="",D25=$C$9),OR($C$10="",B25>=$C$10),OR($C$11="",B25<=$C$11),OR($C$12<>"Ya",K25<>""),OR($C$13="Semua",$C$13="",L25=$C$13)),"✓","") | N25: =N(N24)+IF(M25="✓",1,0) | O25: =N(O24)+IF(AND(B25<>"",B25>='Uang Riba'!$H$30,B25<='Uang Riba'!$I$30,OR(H25="Dana riba",H25="Pinjam uang riba",I25="Pinjam dari uang riba",I25="Ganti uang riba",I25="Kelebihan ganti dikembalikan",AND(C25="Kantong Uang Riba",G25="Pengeluaran"))),1,0) | P25: =IF(21>MAX($N$16:$N$5015),"",INDEX($B$16:$B$5015,MATCH((MAX($N$16:$N$5015)-21+1),$N$16:$N$5015,0))) | Q25: =IF(21>MAX($N$16:$N$5015),"",INDEX($C$16:$C$5015,MATCH((MAX($N$16:$N$5015)-21+1),$N$16:$N$5015,0)))&IF(IF(21>MAX($N$16:$N$5015),"",INDEX($E$16:$E$5015,MATCH((MAX($N$16:$N$5015)-21+1),$N$16:$N$5015,0)))="",""," → "&IF(21>MAX($N$16:$N$5015),"",INDEX($E$16:$E$5015,MATCH((MAX($N$16:$N$5015)-21+1),$N$16:$N$5015,0)))) | R25: =IF(21>MAX($N$16:$N$5015),"",INDEX($D$16:$D$5015,MATCH((MAX($N$16:$N$5015)-21+1),$N$16:$N$5015,0))) | S25: =IF(21>MAX($N$16:$N$5015),"",INDEX($F$16:$F$5015,MATCH((MAX($N$16:$N$5015)-21+1),$N$16:$N$5015,0))) | T25: =IF(21>MAX($N$16:$N$5015),"",IF(21>MAX($N$16:$N$5015),"",INDEX($G$16:$G$5015,MATCH((MAX($N$16:$N$5015)-21+1),$N$16:$N$5015,0)))&" › "&IF(21>MAX($N$16:$N$5015),"",INDEX($H$16:$H$5015,MATCH((MAX($N$16:$N$5015)-21+1),$N$16:$N$5015,0)))&" › "&IF(21>MAX($N$16:$N$5015),"",INDEX($I$16:$I$5015,MATCH((MAX($N$16:$N$5015)-21+1),$N$16:$N$5015,0)))) | U25: =IF(21>MAX($N$16:$N$5015),"",INDEX($J$16:$J$5015,MATCH((MAX($N$16:$N$5015)-21+1),$N$16:$N$5015,0)))&IF(IF(21>MAX($N$16:$N$5015),"",INDEX($L$16:$L$5015,MATCH((MAX($N$16:$N$5015)-21+1),$N$16:$N$5015,0)))="",""," ["&IF(21>MAX($N$16:$N$5015),"",INDEX($L$16:$L$5015,MATCH((MAX($N$16:$N$5015)-21+1),$N$16:$N$5015,0)))&"]") | V25: =IF(21>MAX($N$16:$N$5015),"",HYPERLINK("#Transaksi!B"&(MATCH((MAX($N$16:$N$5015)-21+1),$N$16:$N$5015,0)+15),"Buka")) | X25: =IF(AND(B25<>"",B25>='Buku Akun'!$H$4,B25<='Buku Akun'!$H$5,OR(C25='Buku Akun'!$C$4,AND(D25="Pindah",E25='Buku Akun'!$C$4))),B25+IF(AND(I25="Selisih bunga",DAY(B25)=1),0,0.01)+ROW()/10000000,"")
A26: =IF(B26="","",ROW()-15) | M26: =IF(AND(B26<>"",OR($C$4="",ISNUMBER(SEARCH($C$4,C26&" "&E26&" "&G26&" "&H26&" "&I26&" "&J26&" "&K26&" "&L26))),OR($C$5="Semua",$C$5="",G26=$C$5),OR($C$6="Semua",$C$6="",H26=$C$6,H26="Pengeluaran "&$C$6,AND($C$6="Uang Kos Mama",H26="Pengeluaran Uang Kos")),OR($C$7="Semua",$C$7="",I26=$C$7),OR($C$8="Semua",$C$8="",C26=$C$8,E26=$C$8),OR($C$9="Semua",$C$9="",D26=$C$9),OR($C$10="",B26>=$C$10),OR($C$11="",B26<=$C$11),OR($C$12<>"Ya",K26<>""),OR($C$13="Semua",$C$13="",L26=$C$13)),"✓","") | N26: =N(N25)+IF(M26="✓",1,0) | O26: =N(O25)+IF(AND(B26<>"",B26>='Uang Riba'!$H$30,B26<='Uang Riba'!$I$30,OR(H26="Dana riba",H26="Pinjam uang riba",I26="Pinjam dari uang riba",I26="Ganti uang riba",I26="Kelebihan ganti dikembalikan",AND(C26="Kantong Uang Riba",G26="Pengeluaran"))),1,0) | P26: =IF(22>MAX($N$16:$N$5015),"",INDEX($B$16:$B$5015,MATCH((MAX($N$16:$N$5015)-22+1),$N$16:$N$5015,0))) | Q26: =IF(22>MAX($N$16:$N$5015),"",INDEX($C$16:$C$5015,MATCH((MAX($N$16:$N$5015)-22+1),$N$16:$N$5015,0)))&IF(IF(22>MAX($N$16:$N$5015),"",INDEX($E$16:$E$5015,MATCH((MAX($N$16:$N$5015)-22+1),$N$16:$N$5015,0)))="",""," → "&IF(22>MAX($N$16:$N$5015),"",INDEX($E$16:$E$5015,MATCH((MAX($N$16:$N$5015)-22+1),$N$16:$N$5015,0)))) | R26: =IF(22>MAX($N$16:$N$5015),"",INDEX($D$16:$D$5015,MATCH((MAX($N$16:$N$5015)-22+1),$N$16:$N$5015,0))) | S26: =IF(22>MAX($N$16:$N$5015),"",INDEX($F$16:$F$5015,MATCH((MAX($N$16:$N$5015)-22+1),$N$16:$N$5015,0))) | T26: =IF(22>MAX($N$16:$N$5015),"",IF(22>MAX($N$16:$N$5015),"",INDEX($G$16:$G$5015,MATCH((MAX($N$16:$N$5015)-22+1),$N$16:$N$5015,0)))&" › "&IF(22>MAX($N$16:$N$5015),"",INDEX($H$16:$H$5015,MATCH((MAX($N$16:$N$5015)-22+1),$N$16:$N$5015,0)))&" › "&IF(22>MAX($N$16:$N$5015),"",INDEX($I$16:$I$5015,MATCH((MAX($N$16:$N$5015)-22+1),$N$16:$N$5015,0)))) | U26: =IF(22>MAX($N$16:$N$5015),"",INDEX($J$16:$J$5015,MATCH((MAX($N$16:$N$5015)-22+1),$N$16:$N$5015,0)))&IF(IF(22>MAX($N$16:$N$5015),"",INDEX($L$16:$L$5015,MATCH((MAX($N$16:$N$5015)-22+1),$N$16:$N$5015,0)))="",""," ["&IF(22>MAX($N$16:$N$5015),"",INDEX($L$16:$L$5015,MATCH((MAX($N$16:$N$5015)-22+1),$N$16:$N$5015,0)))&"]") | V26: =IF(22>MAX($N$16:$N$5015),"",HYPERLINK("#Transaksi!B"&(MATCH((MAX($N$16:$N$5015)-22+1),$N$16:$N$5015,0)+15),"Buka")) | X26: =IF(AND(B26<>"",B26>='Buku Akun'!$H$4,B26<='Buku Akun'!$H$5,OR(C26='Buku Akun'!$C$4,AND(D26="Pindah",E26='Buku Akun'!$C$4))),B26+IF(AND(I26="Selisih bunga",DAY(B26)=1),0,0.01)+ROW()/10000000,"")
A27: =IF(B27="","",ROW()-15) | M27: =IF(AND(B27<>"",OR($C$4="",ISNUMBER(SEARCH($C$4,C27&" "&E27&" "&G27&" "&H27&" "&I27&" "&J27&" "&K27&" "&L27))),OR($C$5="Semua",$C$5="",G27=$C$5),OR($C$6="Semua",$C$6="",H27=$C$6,H27="Pengeluaran "&$C$6,AND($C$6="Uang Kos Mama",H27="Pengeluaran Uang Kos")),OR($C$7="Semua",$C$7="",I27=$C$7),OR($C$8="Semua",$C$8="",C27=$C$8,E27=$C$8),OR($C$9="Semua",$C$9="",D27=$C$9),OR($C$10="",B27>=$C$10),OR($C$11="",B27<=$C$11),OR($C$12<>"Ya",K27<>""),OR($C$13="Semua",$C$13="",L27=$C$13)),"✓","") | N27: =N(N26)+IF(M27="✓",1,0) | O27: =N(O26)+IF(AND(B27<>"",B27>='Uang Riba'!$H$30,B27<='Uang Riba'!$I$30,OR(H27="Dana riba",H27="Pinjam uang riba",I27="Pinjam dari uang riba",I27="Ganti uang riba",I27="Kelebihan ganti dikembalikan",AND(C27="Kantong Uang Riba",G27="Pengeluaran"))),1,0) | P27: =IF(23>MAX($N$16:$N$5015),"",INDEX($B$16:$B$5015,MATCH((MAX($N$16:$N$5015)-23+1),$N$16:$N$5015,0))) | Q27: =IF(23>MAX($N$16:$N$5015),"",INDEX($C$16:$C$5015,MATCH((MAX($N$16:$N$5015)-23+1),$N$16:$N$5015,0)))&IF(IF(23>MAX($N$16:$N$5015),"",INDEX($E$16:$E$5015,MATCH((MAX($N$16:$N$5015)-23+1),$N$16:$N$5015,0)))="",""," → "&IF(23>MAX($N$16:$N$5015),"",INDEX($E$16:$E$5015,MATCH((MAX($N$16:$N$5015)-23+1),$N$16:$N$5015,0)))) | R27: =IF(23>MAX($N$16:$N$5015),"",INDEX($D$16:$D$5015,MATCH((MAX($N$16:$N$5015)-23+1),$N$16:$N$5015,0))) | S27: =IF(23>MAX($N$16:$N$5015),"",INDEX($F$16:$F$5015,MATCH((MAX($N$16:$N$5015)-23+1),$N$16:$N$5015,0))) | T27: =IF(23>MAX($N$16:$N$5015),"",IF(23>MAX($N$16:$N$5015),"",INDEX($G$16:$G$5015,MATCH((MAX($N$16:$N$5015)-23+1),$N$16:$N$5015,0)))&" › "&IF(23>MAX($N$16:$N$5015),"",INDEX($H$16:$H$5015,MATCH((MAX($N$16:$N$5015)-23+1),$N$16:$N$5015,0)))&" › "&IF(23>MAX($N$16:$N$5015),"",INDEX($I$16:$I$5015,MATCH((MAX($N$16:$N$5015)-23+1),$N$16:$N$5015,0)))) | U27: =IF(23>MAX($N$16:$N$5015),"",INDEX($J$16:$J$5015,MATCH((MAX($N$16:$N$5015)-23+1),$N$16:$N$5015,0)))&IF(IF(23>MAX($N$16:$N$5015),"",INDEX($L$16:$L$5015,MATCH((MAX($N$16:$N$5015)-23+1),$N$16:$N$5015,0)))="",""," ["&IF(23>MAX($N$16:$N$5015),"",INDEX($L$16:$L$5015,MATCH((MAX($N$16:$N$5015)-23+1),$N$16:$N$5015,0)))&"]") | V27: =IF(23>MAX($N$16:$N$5015),"",HYPERLINK("#Transaksi!B"&(MATCH((MAX($N$16:$N$5015)-23+1),$N$16:$N$5015,0)+15),"Buka")) | X27: =IF(AND(B27<>"",B27>='Buku Akun'!$H$4,B27<='Buku Akun'!$H$5,OR(C27='Buku Akun'!$C$4,AND(D27="Pindah",E27='Buku Akun'!$C$4))),B27+IF(AND(I27="Selisih bunga",DAY(B27)=1),0,0.01)+ROW()/10000000,"")
A28: =IF(B28="","",ROW()-15) | M28: =IF(AND(B28<>"",OR($C$4="",ISNUMBER(SEARCH($C$4,C28&" "&E28&" "&G28&" "&H28&" "&I28&" "&J28&" "&K28&" "&L28))),OR($C$5="Semua",$C$5="",G28=$C$5),OR($C$6="Semua",$C$6="",H28=$C$6,H28="Pengeluaran "&$C$6,AND($C$6="Uang Kos Mama",H28="Pengeluaran Uang Kos")),OR($C$7="Semua",$C$7="",I28=$C$7),OR($C$8="Semua",$C$8="",C28=$C$8,E28=$C$8),OR($C$9="Semua",$C$9="",D28=$C$9),OR($C$10="",B28>=$C$10),OR($C$11="",B28<=$C$11),OR($C$12<>"Ya",K28<>""),OR($C$13="Semua",$C$13="",L28=$C$13)),"✓","") | N28: =N(N27)+IF(M28="✓",1,0) | O28: =N(O27)+IF(AND(B28<>"",B28>='Uang Riba'!$H$30,B28<='Uang Riba'!$I$30,OR(H28="Dana riba",H28="Pinjam uang riba",I28="Pinjam dari uang riba",I28="Ganti uang riba",I28="Kelebihan ganti dikembalikan",AND(C28="Kantong Uang Riba",G28="Pengeluaran"))),1,0) | P28: =IF(24>MAX($N$16:$N$5015),"",INDEX($B$16:$B$5015,MATCH((MAX($N$16:$N$5015)-24+1),$N$16:$N$5015,0))) | Q28: =IF(24>MAX($N$16:$N$5015),"",INDEX($C$16:$C$5015,MATCH((MAX($N$16:$N$5015)-24+1),$N$16:$N$5015,0)))&IF(IF(24>MAX($N$16:$N$5015),"",INDEX($E$16:$E$5015,MATCH((MAX($N$16:$N$5015)-24+1),$N$16:$N$5015,0)))="",""," → "&IF(24>MAX($N$16:$N$5015),"",INDEX($E$16:$E$5015,MATCH((MAX($N$16:$N$5015)-24+1),$N$16:$N$5015,0)))) | R28: =IF(24>MAX($N$16:$N$5015),"",INDEX($D$16:$D$5015,MATCH((MAX($N$16:$N$5015)-24+1),$N$16:$N$5015,0))) | S28: =IF(24>MAX($N$16:$N$5015),"",INDEX($F$16:$F$5015,MATCH((MAX($N$16:$N$5015)-24+1),$N$16:$N$5015,0))) | T28: =IF(24>MAX($N$16:$N$5015),"",IF(24>MAX($N$16:$N$5015),"",INDEX($G$16:$G$5015,MATCH((MAX($N$16:$N$5015)-24+1),$N$16:$N$5015,0)))&" › "&IF(24>MAX($N$16:$N$5015),"",INDEX($H$16:$H$5015,MATCH((MAX($N$16:$N$5015)-24+1),$N$16:$N$5015,0)))&" › "&IF(24>MAX($N$16:$N$5015),"",INDEX($I$16:$I$5015,MATCH((MAX($N$16:$N$5015)-24+1),$N$16:$N$5015,0)))) | U28: =IF(24>MAX($N$16:$N$5015),"",INDEX($J$16:$J$5015,MATCH((MAX($N$16:$N$5015)-24+1),$N$16:$N$5015,0)))&IF(IF(24>MAX($N$16:$N$5015),"",INDEX($L$16:$L$5015,MATCH((MAX($N$16:$N$5015)-24+1),$N$16:$N$5015,0)))="",""," ["&IF(24>MAX($N$16:$N$5015),"",INDEX($L$16:$L$5015,MATCH((MAX($N$16:$N$5015)-24+1),$N$16:$N$5015,0)))&"]") | V28: =IF(24>MAX($N$16:$N$5015),"",HYPERLINK("#Transaksi!B"&(MATCH((MAX($N$16:$N$5015)-24+1),$N$16:$N$5015,0)+15),"Buka")) | X28: =IF(AND(B28<>"",B28>='Buku Akun'!$H$4,B28<='Buku Akun'!$H$5,OR(C28='Buku Akun'!$C$4,AND(D28="Pindah",E28='Buku Akun'!$C$4))),B28+IF(AND(I28="Selisih bunga",DAY(B28)=1),0,0.01)+ROW()/10000000,"")
A29: =IF(B29="","",ROW()-15) | M29: =IF(AND(B29<>"",OR($C$4="",ISNUMBER(SEARCH($C$4,C29&" "&E29&" "&G29&" "&H29&" "&I29&" "&J29&" "&K29&" "&L29))),OR($C$5="Semua",$C$5="",G29=$C$5),OR($C$6="Semua",$C$6="",H29=$C$6,H29="Pengeluaran "&$C$6,AND($C$6="Uang Kos Mama",H29="Pengeluaran Uang Kos")),OR($C$7="Semua",$C$7="",I29=$C$7),OR($C$8="Semua",$C$8="",C29=$C$8,E29=$C$8),OR($C$9="Semua",$C$9="",D29=$C$9),OR($C$10="",B29>=$C$10),OR($C$11="",B29<=$C$11),OR($C$12<>"Ya",K29<>""),OR($C$13="Semua",$C$13="",L29=$C$13)),"✓","") | N29: =N(N28)+IF(M29="✓",1,0) | O29: =N(O28)+IF(AND(B29<>"",B29>='Uang Riba'!$H$30,B29<='Uang Riba'!$I$30,OR(H29="Dana riba",H29="Pinjam uang riba",I29="Pinjam dari uang riba",I29="Ganti uang riba",I29="Kelebihan ganti dikembalikan",AND(C29="Kantong Uang Riba",G29="Pengeluaran"))),1,0) | P29: =IF(25>MAX($N$16:$N$5015),"",INDEX($B$16:$B$5015,MATCH((MAX($N$16:$N$5015)-25+1),$N$16:$N$5015,0))) | Q29: =IF(25>MAX($N$16:$N$5015),"",INDEX($C$16:$C$5015,MATCH((MAX($N$16:$N$5015)-25+1),$N$16:$N$5015,0)))&IF(IF(25>MAX($N$16:$N$5015),"",INDEX($E$16:$E$5015,MATCH((MAX($N$16:$N$5015)-25+1),$N$16:$N$5015,0)))="",""," → "&IF(25>MAX($N$16:$N$5015),"",INDEX($E$16:$E$5015,MATCH((MAX($N$16:$N$5015)-25+1),$N$16:$N$5015,0)))) | R29: =IF(25>MAX($N$16:$N$5015),"",INDEX($D$16:$D$5015,MATCH((MAX($N$16:$N$5015)-25+1),$N$16:$N$5015,0))) | S29: =IF(25>MAX($N$16:$N$5015),"",INDEX($F$16:$F$5015,MATCH((MAX($N$16:$N$5015)-25+1),$N$16:$N$5015,0))) | T29: =IF(25>MAX($N$16:$N$5015),"",IF(25>MAX($N$16:$N$5015),"",INDEX($G$16:$G$5015,MATCH((MAX($N$16:$N$5015)-25+1),$N$16:$N$5015,0)))&" › "&IF(25>MAX($N$16:$N$5015),"",INDEX($H$16:$H$5015,MATCH((MAX($N$16:$N$5015)-25+1),$N$16:$N$5015,0)))&" › "&IF(25>MAX($N$16:$N$5015),"",INDEX($I$16:$I$5015,MATCH((MAX($N$16:$N$5015)-25+1),$N$16:$N$5015,0)))) | U29: =IF(25>MAX($N$16:$N$5015),"",INDEX($J$16:$J$5015,MATCH((MAX($N$16:$N$5015)-25+1),$N$16:$N$5015,0)))&IF(IF(25>MAX($N$16:$N$5015),"",INDEX($L$16:$L$5015,MATCH((MAX($N$16:$N$5015)-25+1),$N$16:$N$5015,0)))="",""," ["&IF(25>MAX($N$16:$N$5015),"",INDEX($L$16:$L$5015,MATCH((MAX($N$16:$N$5015)-25+1),$N$16:$N$5015,0)))&"]") | V29: =IF(25>MAX($N$16:$N$5015),"",HYPERLINK("#Transaksi!B"&(MATCH((MAX($N$16:$N$5015)-25+1),$N$16:$N$5015,0)+15),"Buka")) | X29: =IF(AND(B29<>"",B29>='Buku Akun'!$H$4,B29<='Buku Akun'!$H$5,OR(C29='Buku Akun'!$C$4,AND(D29="Pindah",E29='Buku Akun'!$C$4))),B29+IF(AND(I29="Selisih bunga",DAY(B29)=1),0,0.01)+ROW()/10000000,"")
A30: =IF(B30="","",ROW()-15) | M30: =IF(AND(B30<>"",OR($C$4="",ISNUMBER(SEARCH($C$4,C30&" "&E30&" "&G30&" "&H30&" "&I30&" "&J30&" "&K30&" "&L30))),OR($C$5="Semua",$C$5="",G30=$C$5),OR($C$6="Semua",$C$6="",H30=$C$6,H30="Pengeluaran "&$C$6,AND($C$6="Uang Kos Mama",H30="Pengeluaran Uang Kos")),OR($C$7="Semua",$C$7="",I30=$C$7),OR($C$8="Semua",$C$8="",C30=$C$8,E30=$C$8),OR($C$9="Semua",$C$9="",D30=$C$9),OR($C$10="",B30>=$C$10),OR($C$11="",B30<=$C$11),OR($C$12<>"Ya",K30<>""),OR($C$13="Semua",$C$13="",L30=$C$13)),"✓","") | N30: =N(N29)+IF(M30="✓",1,0) | O30: =N(O29)+IF(AND(B30<>"",B30>='Uang Riba'!$H$30,B30<='Uang Riba'!$I$30,OR(H30="Dana riba",H30="Pinjam uang riba",I30="Pinjam dari uang riba",I30="Ganti uang riba",I30="Kelebihan ganti dikembalikan",AND(C30="Kantong Uang Riba",G30="Pengeluaran"))),1,0) | P30: =IF(26>MAX($N$16:$N$5015),"",INDEX($B$16:$B$5015,MATCH((MAX($N$16:$N$5015)-26+1),$N$16:$N$5015,0))) | Q30: =IF(26>MAX($N$16:$N$5015),"",INDEX($C$16:$C$5015,MATCH((MAX($N$16:$N$5015)-26+1),$N$16:$N$5015,0)))&IF(IF(26>MAX($N$16:$N$5015),"",INDEX($E$16:$E$5015,MATCH((MAX($N$16:$N$5015)-26+1),$N$16:$N$5015,0)))="",""," → "&IF(26>MAX($N$16:$N$5015),"",INDEX($E$16:$E$5015,MATCH((MAX($N$16:$N$5015)-26+1),$N$16:$N$5015,0)))) | R30: =IF(26>MAX($N$16:$N$5015),"",INDEX($D$16:$D$5015,MATCH((MAX($N$16:$N$5015)-26+1),$N$16:$N$5015,0))) | S30: =IF(26>MAX($N$16:$N$5015),"",INDEX($F$16:$F$5015,MATCH((MAX($N$16:$N$5015)-26+1),$N$16:$N$5015,0))) | T30: =IF(26>MAX($N$16:$N$5015),"",IF(26>MAX($N$16:$N$5015),"",INDEX($G$16:$G$5015,MATCH((MAX($N$16:$N$5015)-26+1),$N$16:$N$5015,0)))&" › "&IF(26>MAX($N$16:$N$5015),"",INDEX($H$16:$H$5015,MATCH((MAX($N$16:$N$5015)-26+1),$N$16:$N$5015,0)))&" › "&IF(26>MAX($N$16:$N$5015),"",INDEX($I$16:$I$5015,MATCH((MAX($N$16:$N$5015)-26+1),$N$16:$N$5015,0)))) | U30: =IF(26>MAX($N$16:$N$5015),"",INDEX($J$16:$J$5015,MATCH((MAX($N$16:$N$5015)-26+1),$N$16:$N$5015,0)))&IF(IF(26>MAX($N$16:$N$5015),"",INDEX($L$16:$L$5015,MATCH((MAX($N$16:$N$5015)-26+1),$N$16:$N$5015,0)))="",""," ["&IF(26>MAX($N$16:$N$5015),"",INDEX($L$16:$L$5015,MATCH((MAX($N$16:$N$5015)-26+1),$N$16:$N$5015,0)))&"]") | V30: =IF(26>MAX($N$16:$N$5015),"",HYPERLINK("#Transaksi!B"&(MATCH((MAX($N$16:$N$5015)-26+1),$N$16:$N$5015,0)+15),"Buka")) | X30: =IF(AND(B30<>"",B30>='Buku Akun'!$H$4,B30<='Buku Akun'!$H$5,OR(C30='Buku Akun'!$C$4,AND(D30="Pindah",E30='Buku Akun'!$C$4))),B30+IF(AND(I30="Selisih bunga",DAY(B30)=1),0,0.01)+ROW()/10000000,"")
A31: =IF(B31="","",ROW()-15) | M31: =IF(AND(B31<>"",OR($C$4="",ISNUMBER(SEARCH($C$4,C31&" "&E31&" "&G31&" "&H31&" "&I31&" "&J31&" "&K31&" "&L31))),OR($C$5="Semua",$C$5="",G31=$C$5),OR($C$6="Semua",$C$6="",H31=$C$6,H31="Pengeluaran "&$C$6,AND($C$6="Uang Kos Mama",H31="Pengeluaran Uang Kos")),OR($C$7="Semua",$C$7="",I31=$C$7),OR($C$8="Semua",$C$8="",C31=$C$8,E31=$C$8),OR($C$9="Semua",$C$9="",D31=$C$9),OR($C$10="",B31>=$C$10),OR($C$11="",B31<=$C$11),OR($C$12<>"Ya",K31<>""),OR($C$13="Semua",$C$13="",L31=$C$13)),"✓","") | N31: =N(N30)+IF(M31="✓",1,0) | O31: =N(O30)+IF(AND(B31<>"",B31>='Uang Riba'!$H$30,B31<='Uang Riba'!$I$30,OR(H31="Dana riba",H31="Pinjam uang riba",I31="Pinjam dari uang riba",I31="Ganti uang riba",I31="Kelebihan ganti dikembalikan",AND(C31="Kantong Uang Riba",G31="Pengeluaran"))),1,0) | P31: =IF(27>MAX($N$16:$N$5015),"",INDEX($B$16:$B$5015,MATCH((MAX($N$16:$N$5015)-27+1),$N$16:$N$5015,0))) | Q31: =IF(27>MAX($N$16:$N$5015),"",INDEX($C$16:$C$5015,MATCH((MAX($N$16:$N$5015)-27+1),$N$16:$N$5015,0)))&IF(IF(27>MAX($N$16:$N$5015),"",INDEX($E$16:$E$5015,MATCH((MAX($N$16:$N$5015)-27+1),$N$16:$N$5015,0)))="",""," → "&IF(27>MAX($N$16:$N$5015),"",INDEX($E$16:$E$5015,MATCH((MAX($N$16:$N$5015)-27+1),$N$16:$N$5015,0)))) | R31: =IF(27>MAX($N$16:$N$5015),"",INDEX($D$16:$D$5015,MATCH((MAX($N$16:$N$5015)-27+1),$N$16:$N$5015,0))) | S31: =IF(27>MAX($N$16:$N$5015),"",INDEX($F$16:$F$5015,MATCH((MAX($N$16:$N$5015)-27+1),$N$16:$N$5015,0))) | T31: =IF(27>MAX($N$16:$N$5015),"",IF(27>MAX($N$16:$N$5015),"",INDEX($G$16:$G$5015,MATCH((MAX($N$16:$N$5015)-27+1),$N$16:$N$5015,0)))&" › "&IF(27>MAX($N$16:$N$5015),"",INDEX($H$16:$H$5015,MATCH((MAX($N$16:$N$5015)-27+1),$N$16:$N$5015,0)))&" › "&IF(27>MAX($N$16:$N$5015),"",INDEX($I$16:$I$5015,MATCH((MAX($N$16:$N$5015)-27+1),$N$16:$N$5015,0)))) | U31: =IF(27>MAX($N$16:$N$5015),"",INDEX($J$16:$J$5015,MATCH((MAX($N$16:$N$5015)-27+1),$N$16:$N$5015,0)))&IF(IF(27>MAX($N$16:$N$5015),"",INDEX($L$16:$L$5015,MATCH((MAX($N$16:$N$5015)-27+1),$N$16:$N$5015,0)))="",""," ["&IF(27>MAX($N$16:$N$5015),"",INDEX($L$16:$L$5015,MATCH((MAX($N$16:$N$5015)-27+1),$N$16:$N$5015,0)))&"]") | V31: =IF(27>MAX($N$16:$N$5015),"",HYPERLINK("#Transaksi!B"&(MATCH((MAX($N$16:$N$5015)-27+1),$N$16:$N$5015,0)+15),"Buka")) | X31: =IF(AND(B31<>"",B31>='Buku Akun'!$H$4,B31<='Buku Akun'!$H$5,OR(C31='Buku Akun'!$C$4,AND(D31="Pindah",E31='Buku Akun'!$C$4))),B31+IF(AND(I31="Selisih bunga",DAY(B31)=1),0,0.01)+ROW()/10000000,"")
A32: =IF(B32="","",ROW()-15) | M32: =IF(AND(B32<>"",OR($C$4="",ISNUMBER(SEARCH($C$4,C32&" "&E32&" "&G32&" "&H32&" "&I32&" "&J32&" "&K32&" "&L32))),OR($C$5="Semua",$C$5="",G32=$C$5),OR($C$6="Semua",$C$6="",H32=$C$6,H32="Pengeluaran "&$C$6,AND($C$6="Uang Kos Mama",H32="Pengeluaran Uang Kos")),OR($C$7="Semua",$C$7="",I32=$C$7),OR($C$8="Semua",$C$8="",C32=$C$8,E32=$C$8),OR($C$9="Semua",$C$9="",D32=$C$9),OR($C$10="",B32>=$C$10),OR($C$11="",B32<=$C$11),OR($C$12<>"Ya",K32<>""),OR($C$13="Semua",$C$13="",L32=$C$13)),"✓","") | N32: =N(N31)+IF(M32="✓",1,0) | O32: =N(O31)+IF(AND(B32<>"",B32>='Uang Riba'!$H$30,B32<='Uang Riba'!$I$30,OR(H32="Dana riba",H32="Pinjam uang riba",I32="Pinjam dari uang riba",I32="Ganti uang riba",I32="Kelebihan ganti dikembalikan",AND(C32="Kantong Uang Riba",G32="Pengeluaran"))),1,0) | P32: =IF(28>MAX($N$16:$N$5015),"",INDEX($B$16:$B$5015,MATCH((MAX($N$16:$N$5015)-28+1),$N$16:$N$5015,0))) | Q32: =IF(28>MAX($N$16:$N$5015),"",INDEX($C$16:$C$5015,MATCH((MAX($N$16:$N$5015)-28+1),$N$16:$N$5015,0)))&IF(IF(28>MAX($N$16:$N$5015),"",INDEX($E$16:$E$5015,MATCH((MAX($N$16:$N$5015)-28+1),$N$16:$N$5015,0)))="",""," → "&IF(28>MAX($N$16:$N$5015),"",INDEX($E$16:$E$5015,MATCH((MAX($N$16:$N$5015)-28+1),$N$16:$N$5015,0)))) | R32: =IF(28>MAX($N$16:$N$5015),"",INDEX($D$16:$D$5015,MATCH((MAX($N$16:$N$5015)-28+1),$N$16:$N$5015,0))) | S32: =IF(28>MAX($N$16:$N$5015),"",INDEX($F$16:$F$5015,MATCH((MAX($N$16:$N$5015)-28+1),$N$16:$N$5015,0))) | T32: =IF(28>MAX($N$16:$N$5015),"",IF(28>MAX($N$16:$N$5015),"",INDEX($G$16:$G$5015,MATCH((MAX($N$16:$N$5015)-28+1),$N$16:$N$5015,0)))&" › "&IF(28>MAX($N$16:$N$5015),"",INDEX($H$16:$H$5015,MATCH((MAX($N$16:$N$5015)-28+1),$N$16:$N$5015,0)))&" › "&IF(28>MAX($N$16:$N$5015),"",INDEX($I$16:$I$5015,MATCH((MAX($N$16:$N$5015)-28+1),$N$16:$N$5015,0)))) | U32: =IF(28>MAX($N$16:$N$5015),"",INDEX($J$16:$J$5015,MATCH((MAX($N$16:$N$5015)-28+1),$N$16:$N$5015,0)))&IF(IF(28>MAX($N$16:$N$5015),"",INDEX($L$16:$L$5015,MATCH((MAX($N$16:$N$5015)-28+1),$N$16:$N$5015,0)))="",""," ["&IF(28>MAX($N$16:$N$5015),"",INDEX($L$16:$L$5015,MATCH((MAX($N$16:$N$5015)-28+1),$N$16:$N$5015,0)))&"]") | V32: =IF(28>MAX($N$16:$N$5015),"",HYPERLINK("#Transaksi!B"&(MATCH((MAX($N$16:$N$5015)-28+1),$N$16:$N$5015,0)+15),"Buka")) | X32: =IF(AND(B32<>"",B32>='Buku Akun'!$H$4,B32<='Buku Akun'!$H$5,OR(C32='Buku Akun'!$C$4,AND(D32="Pindah",E32='Buku Akun'!$C$4))),B32+IF(AND(I32="Selisih bunga",DAY(B32)=1),0,0.01)+ROW()/10000000,"")
A33: =IF(B33="","",ROW()-15) | M33: =IF(AND(B33<>"",OR($C$4="",ISNUMBER(SEARCH($C$4,C33&" "&E33&" "&G33&" "&H33&" "&I33&" "&J33&" "&K33&" "&L33))),OR($C$5="Semua",$C$5="",G33=$C$5),OR($C$6="Semua",$C$6="",H33=$C$6,H33="Pengeluaran "&$C$6,AND($C$6="Uang Kos Mama",H33="Pengeluaran Uang Kos")),OR($C$7="Semua",$C$7="",I33=$C$7),OR($C$8="Semua",$C$8="",C33=$C$8,E33=$C$8),OR($C$9="Semua",$C$9="",D33=$C$9),OR($C$10="",B33>=$C$10),OR($C$11="",B33<=$C$11),OR($C$12<>"Ya",K33<>""),OR($C$13="Semua",$C$13="",L33=$C$13)),"✓","") | N33: =N(N32)+IF(M33="✓",1,0) | O33: =N(O32)+IF(AND(B33<>"",B33>='Uang Riba'!$H$30,B33<='Uang Riba'!$I$30,OR(H33="Dana riba",H33="Pinjam uang riba",I33="Pinjam dari uang riba",I33="Ganti uang riba",I33="Kelebihan ganti dikembalikan",AND(C33="Kantong Uang Riba",G33="Pengeluaran"))),1,0) | P33: =IF(29>MAX($N$16:$N$5015),"",INDEX($B$16:$B$5015,MATCH((MAX($N$16:$N$5015)-29+1),$N$16:$N$5015,0))) | Q33: =IF(29>MAX($N$16:$N$5015),"",INDEX($C$16:$C$5015,MATCH((MAX($N$16:$N$5015)-29+1),$N$16:$N$5015,0)))&IF(IF(29>MAX($N$16:$N$5015),"",INDEX($E$16:$E$5015,MATCH((MAX($N$16:$N$5015)-29+1),$N$16:$N$5015,0)))="",""," → "&IF(29>MAX($N$16:$N$5015),"",INDEX($E$16:$E$5015,MATCH((MAX($N$16:$N$5015)-29+1),$N$16:$N$5015,0)))) | R33: =IF(29>MAX($N$16:$N$5015),"",INDEX($D$16:$D$5015,MATCH((MAX($N$16:$N$5015)-29+1),$N$16:$N$5015,0))) | S33: =IF(29>MAX($N$16:$N$5015),"",INDEX($F$16:$F$5015,MATCH((MAX($N$16:$N$5015)-29+1),$N$16:$N$5015,0))) | T33: =IF(29>MAX($N$16:$N$5015),"",IF(29>MAX($N$16:$N$5015),"",INDEX($G$16:$G$5015,MATCH((MAX($N$16:$N$5015)-29+1),$N$16:$N$5015,0)))&" › "&IF(29>MAX($N$16:$N$5015),"",INDEX($H$16:$H$5015,MATCH((MAX($N$16:$N$5015)-29+1),$N$16:$N$5015,0)))&" › "&IF(29>MAX($N$16:$N$5015),"",INDEX($I$16:$I$5015,MATCH((MAX($N$16:$N$5015)-29+1),$N$16:$N$5015,0)))) | U33: =IF(29>MAX($N$16:$N$5015),"",INDEX($J$16:$J$5015,MATCH((MAX($N$16:$N$5015)-29+1),$N$16:$N$5015,0)))&IF(IF(29>MAX($N$16:$N$5015),"",INDEX($L$16:$L$5015,MATCH((MAX($N$16:$N$5015)-29+1),$N$16:$N$5015,0)))="",""," ["&IF(29>MAX($N$16:$N$5015),"",INDEX($L$16:$L$5015,MATCH((MAX($N$16:$N$5015)-29+1),$N$16:$N$5015,0)))&"]") | V33: =IF(29>MAX($N$16:$N$5015),"",HYPERLINK("#Transaksi!B"&(MATCH((MAX($N$16:$N$5015)-29+1),$N$16:$N$5015,0)+15),"Buka")) | X33: =IF(AND(B33<>"",B33>='Buku Akun'!$H$4,B33<='Buku Akun'!$H$5,OR(C33='Buku Akun'!$C$4,AND(D33="Pindah",E33='Buku Akun'!$C$4))),B33+IF(AND(I33="Selisih bunga",DAY(B33)=1),0,0.01)+ROW()/10000000,"")
A34: =IF(B34="","",ROW()-15) | M34: =IF(AND(B34<>"",OR($C$4="",ISNUMBER(SEARCH($C$4,C34&" "&E34&" "&G34&" "&H34&" "&I34&" "&J34&" "&K34&" "&L34))),OR($C$5="Semua",$C$5="",G34=$C$5),OR($C$6="Semua",$C$6="",H34=$C$6,H34="Pengeluaran "&$C$6,AND($C$6="Uang Kos Mama",H34="Pengeluaran Uang Kos")),OR($C$7="Semua",$C$7="",I34=$C$7),OR($C$8="Semua",$C$8="",C34=$C$8,E34=$C$8),OR($C$9="Semua",$C$9="",D34=$C$9),OR($C$10="",B34>=$C$10),OR($C$11="",B34<=$C$11),OR($C$12<>"Ya",K34<>""),OR($C$13="Semua",$C$13="",L34=$C$13)),"✓","") | N34: =N(N33)+IF(M34="✓",1,0) | O34: =N(O33)+IF(AND(B34<>"",B34>='Uang Riba'!$H$30,B34<='Uang Riba'!$I$30,OR(H34="Dana riba",H34="Pinjam uang riba",I34="Pinjam dari uang riba",I34="Ganti uang riba",I34="Kelebihan ganti dikembalikan",AND(C34="Kantong Uang Riba",G34="Pengeluaran"))),1,0) | P34: =IF(30>MAX($N$16:$N$5015),"",INDEX($B$16:$B$5015,MATCH((MAX($N$16:$N$5015)-30+1),$N$16:$N$5015,0))) | Q34: =IF(30>MAX($N$16:$N$5015),"",INDEX($C$16:$C$5015,MATCH((MAX($N$16:$N$5015)-30+1),$N$16:$N$5015,0)))&IF(IF(30>MAX($N$16:$N$5015),"",INDEX($E$16:$E$5015,MATCH((MAX($N$16:$N$5015)-30+1),$N$16:$N$5015,0)))="",""," → "&IF(30>MAX($N$16:$N$5015),"",INDEX($E$16:$E$5015,MATCH((MAX($N$16:$N$5015)-30+1),$N$16:$N$5015,0)))) | R34: =IF(30>MAX($N$16:$N$5015),"",INDEX($D$16:$D$5015,MATCH((MAX($N$16:$N$5015)-30+1),$N$16:$N$5015,0))) | S34: =IF(30>MAX($N$16:$N$5015),"",INDEX($F$16:$F$5015,MATCH((MAX($N$16:$N$5015)-30+1),$N$16:$N$5015,0))) | T34: =IF(30>MAX($N$16:$N$5015),"",IF(30>MAX($N$16:$N$5015),"",INDEX($G$16:$G$5015,MATCH((MAX($N$16:$N$5015)-30+1),$N$16:$N$5015,0)))&" › "&IF(30>MAX($N$16:$N$5015),"",INDEX($H$16:$H$5015,MATCH((MAX($N$16:$N$5015)-30+1),$N$16:$N$5015,0)))&" › "&IF(30>MAX($N$16:$N$5015),"",INDEX($I$16:$I$5015,MATCH((MAX($N$16:$N$5015)-30+1),$N$16:$N$5015,0)))) | U34: =IF(30>MAX($N$16:$N$5015),"",INDEX($J$16:$J$5015,MATCH((MAX($N$16:$N$5015)-30+1),$N$16:$N$5015,0)))&IF(IF(30>MAX($N$16:$N$5015),"",INDEX($L$16:$L$5015,MATCH((MAX($N$16:$N$5015)-30+1),$N$16:$N$5015,0)))="",""," ["&IF(30>MAX($N$16:$N$5015),"",INDEX($L$16:$L$5015,MATCH((MAX($N$16:$N$5015)-30+1),$N$16:$N$5015,0)))&"]") | V34: =IF(30>MAX($N$16:$N$5015),"",HYPERLINK("#Transaksi!B"&(MATCH((MAX($N$16:$N$5015)-30+1),$N$16:$N$5015,0)+15),"Buka")) | X34: =IF(AND(B34<>"",B34>='Buku Akun'!$H$4,B34<='Buku Akun'!$H$5,OR(C34='Buku Akun'!$C$4,AND(D34="Pindah",E34='Buku Akun'!$C$4))),B34+IF(AND(I34="Selisih bunga",DAY(B34)=1),0,0.01)+ROW()/10000000,"")
A35: =IF(B35="","",ROW()-15) | M35: =IF(AND(B35<>"",OR($C$4="",ISNUMBER(SEARCH($C$4,C35&" "&E35&" "&G35&" "&H35&" "&I35&" "&J35&" "&K35&" "&L35))),OR($C$5="Semua",$C$5="",G35=$C$5),OR($C$6="Semua",$C$6="",H35=$C$6,H35="Pengeluaran "&$C$6,AND($C$6="Uang Kos Mama",H35="Pengeluaran Uang Kos")),OR($C$7="Semua",$C$7="",I35=$C$7),OR($C$8="Semua",$C$8="",C35=$C$8,E35=$C$8),OR($C$9="Semua",$C$9="",D35=$C$9),OR($C$10="",B35>=$C$10),OR($C$11="",B35<=$C$11),OR($C$12<>"Ya",K35<>""),OR($C$13="Semua",$C$13="",L35=$C$13)),"✓","") | N35: =N(N34)+IF(M35="✓",1,0) | O35: =N(O34)+IF(AND(B35<>"",B35>='Uang Riba'!$H$30,B35<='Uang Riba'!$I$30,OR(H35="Dana riba",H35="Pinjam uang riba",I35="Pinjam dari uang riba",I35="Ganti uang riba",I35="Kelebihan ganti dikembalikan",AND(C35="Kantong Uang Riba",G35="Pengeluaran"))),1,0) | P35: =IF(31>MAX($N$16:$N$5015),"",INDEX($B$16:$B$5015,MATCH((MAX($N$16:$N$5015)-31+1),$N$16:$N$5015,0))) | Q35: =IF(31>MAX($N$16:$N$5015),"",INDEX($C$16:$C$5015,MATCH((MAX($N$16:$N$5015)-31+1),$N$16:$N$5015,0)))&IF(IF(31>MAX($N$16:$N$5015),"",INDEX($E$16:$E$5015,MATCH((MAX($N$16:$N$5015)-31+1),$N$16:$N$5015,0)))="",""," → "&IF(31>MAX($N$16:$N$5015),"",INDEX($E$16:$E$5015,MATCH((MAX($N$16:$N$5015)-31+1),$N$16:$N$5015,0)))) | R35: =IF(31>MAX($N$16:$N$5015),"",INDEX($D$16:$D$5015,MATCH((MAX($N$16:$N$5015)-31+1),$N$16:$N$5015,0))) | S35: =IF(31>MAX($N$16:$N$5015),"",INDEX($F$16:$F$5015,MATCH((MAX($N$16:$N$5015)-31+1),$N$16:$N$5015,0))) | T35: =IF(31>MAX($N$16:$N$5015),"",IF(31>MAX($N$16:$N$5015),"",INDEX($G$16:$G$5015,MATCH((MAX($N$16:$N$5015)-31+1),$N$16:$N$5015,0)))&" › "&IF(31>MAX($N$16:$N$5015),"",INDEX($H$16:$H$5015,MATCH((MAX($N$16:$N$5015)-31+1),$N$16:$N$5015,0)))&" › "&IF(31>MAX($N$16:$N$5015),"",INDEX($I$16:$I$5015,MATCH((MAX($N$16:$N$5015)-31+1),$N$16:$N$5015,0)))) | U35: =IF(31>MAX($N$16:$N$5015),"",INDEX($J$16:$J$5015,MATCH((MAX($N$16:$N$5015)-31+1),$N$16:$N$5015,0)))&IF(IF(31>MAX($N$16:$N$5015),"",INDEX($L$16:$L$5015,MATCH((MAX($N$16:$N$5015)-31+1),$N$16:$N$5015,0)))="",""," ["&IF(31>MAX($N$16:$N$5015),"",INDEX($L$16:$L$5015,MATCH((MAX($N$16:$N$5015)-31+1),$N$16:$N$5015,0)))&"]") | V35: =IF(31>MAX($N$16:$N$5015),"",HYPERLINK("#Transaksi!B"&(MATCH((MAX($N$16:$N$5015)-31+1),$N$16:$N$5015,0)+15),"Buka")) | X35: =IF(AND(B35<>"",B35>='Buku Akun'!$H$4,B35<='Buku Akun'!$H$5,OR(C35='Buku Akun'!$C$4,AND(D35="Pindah",E35='Buku Akun'!$C$4))),B35+IF(AND(I35="Selisih bunga",DAY(B35)=1),0,0.01)+ROW()/10000000,"")
A36: =IF(B36="","",ROW()-15) | M36: =IF(AND(B36<>"",OR($C$4="",ISNUMBER(SEARCH($C$4,C36&" "&E36&" "&G36&" "&H36&" "&I36&" "&J36&" "&K36&" "&L36))),OR($C$5="Semua",$C$5="",G36=$C$5),OR($C$6="Semua",$C$6="",H36=$C$6,H36="Pengeluaran "&$C$6,AND($C$6="Uang Kos Mama",H36="Pengeluaran Uang Kos")),OR($C$7="Semua",$C$7="",I36=$C$7),OR($C$8="Semua",$C$8="",C36=$C$8,E36=$C$8),OR($C$9="Semua",$C$9="",D36=$C$9),OR($C$10="",B36>=$C$10),OR($C$11="",B36<=$C$11),OR($C$12<>"Ya",K36<>""),OR($C$13="Semua",$C$13="",L36=$C$13)),"✓","") | N36: =N(N35)+IF(M36="✓",1,0) | O36: =N(O35)+IF(AND(B36<>"",B36>='Uang Riba'!$H$30,B36<='Uang Riba'!$I$30,OR(H36="Dana riba",H36="Pinjam uang riba",I36="Pinjam dari uang riba",I36="Ganti uang riba",I36="Kelebihan ganti dikembalikan",AND(C36="Kantong Uang Riba",G36="Pengeluaran"))),1,0) | P36: =IF(32>MAX($N$16:$N$5015),"",INDEX($B$16:$B$5015,MATCH((MAX($N$16:$N$5015)-32+1),$N$16:$N$5015,0))) | Q36: =IF(32>MAX($N$16:$N$5015),"",INDEX($C$16:$C$5015,MATCH((MAX($N$16:$N$5015)-32+1),$N$16:$N$5015,0)))&IF(IF(32>MAX($N$16:$N$5015),"",INDEX($E$16:$E$5015,MATCH((MAX($N$16:$N$5015)-32+1),$N$16:$N$5015,0)))="",""," → "&IF(32>MAX($N$16:$N$5015),"",INDEX($E$16:$E$5015,MATCH((MAX($N$16:$N$5015)-32+1),$N$16:$N$5015,0)))) | R36: =IF(32>MAX($N$16:$N$5015),"",INDEX($D$16:$D$5015,MATCH((MAX($N$16:$N$5015)-32+1),$N$16:$N$5015,0))) | S36: =IF(32>MAX($N$16:$N$5015),"",INDEX($F$16:$F$5015,MATCH((MAX($N$16:$N$5015)-32+1),$N$16:$N$5015,0))) | T36: =IF(32>MAX($N$16:$N$5015),"",IF(32>MAX($N$16:$N$5015),"",INDEX($G$16:$G$5015,MATCH((MAX($N$16:$N$5015)-32+1),$N$16:$N$5015,0)))&" › "&IF(32>MAX($N$16:$N$5015),"",INDEX($H$16:$H$5015,MATCH((MAX($N$16:$N$5015)-32+1),$N$16:$N$5015,0)))&" › "&IF(32>MAX($N$16:$N$5015),"",INDEX($I$16:$I$5015,MATCH((MAX($N$16:$N$5015)-32+1),$N$16:$N$5015,0)))) | U36: =IF(32>MAX($N$16:$N$5015),"",INDEX($J$16:$J$5015,MATCH((MAX($N$16:$N$5015)-32+1),$N$16:$N$5015,0)))&IF(IF(32>MAX($N$16:$N$5015),"",INDEX($L$16:$L$5015,MATCH((MAX($N$16:$N$5015)-32+1),$N$16:$N$5015,0)))="",""," ["&IF(32>MAX($N$16:$N$5015),"",INDEX($L$16:$L$5015,MATCH((MAX($N$16:$N$5015)-32+1),$N$16:$N$5015,0)))&"]") | V36: =IF(32>MAX($N$16:$N$5015),"",HYPERLINK("#Transaksi!B"&(MATCH((MAX($N$16:$N$5015)-32+1),$N$16:$N$5015,0)+15),"Buka")) | X36: =IF(AND(B36<>"",B36>='Buku Akun'!$H$4,B36<='Buku Akun'!$H$5,OR(C36='Buku Akun'!$C$4,AND(D36="Pindah",E36='Buku Akun'!$C$4))),B36+IF(AND(I36="Selisih bunga",DAY(B36)=1),0,0.01)+ROW()/10000000,"")
A37: =IF(B37="","",ROW()-15) | M37: =IF(AND(B37<>"",OR($C$4="",ISNUMBER(SEARCH($C$4,C37&" "&E37&" "&G37&" "&H37&" "&I37&" "&J37&" "&K37&" "&L37))),OR($C$5="Semua",$C$5="",G37=$C$5),OR($C$6="Semua",$C$6="",H37=$C$6,H37="Pengeluaran "&$C$6,AND($C$6="Uang Kos Mama",H37="Pengeluaran Uang Kos")),OR($C$7="Semua",$C$7="",I37=$C$7),OR($C$8="Semua",$C$8="",C37=$C$8,E37=$C$8),OR($C$9="Semua",$C$9="",D37=$C$9),OR($C$10="",B37>=$C$10),OR($C$11="",B37<=$C$11),OR($C$12<>"Ya",K37<>""),OR($C$13="Semua",$C$13="",L37=$C$13)),"✓","") | N37: =N(N36)+IF(M37="✓",1,0) | O37: =N(O36)+IF(AND(B37<>"",B37>='Uang Riba'!$H$30,B37<='Uang Riba'!$I$30,OR(H37="Dana riba",H37="Pinjam uang riba",I37="Pinjam dari uang riba",I37="Ganti uang riba",I37="Kelebihan ganti dikembalikan",AND(C37="Kantong Uang Riba",G37="Pengeluaran"))),1,0) | P37: =IF(33>MAX($N$16:$N$5015),"",INDEX($B$16:$B$5015,MATCH((MAX($N$16:$N$5015)-33+1),$N$16:$N$5015,0))) | Q37: =IF(33>MAX($N$16:$N$5015),"",INDEX($C$16:$C$5015,MATCH((MAX($N$16:$N$5015)-33+1),$N$16:$N$5015,0)))&IF(IF(33>MAX($N$16:$N$5015),"",INDEX($E$16:$E$5015,MATCH((MAX($N$16:$N$5015)-33+1),$N$16:$N$5015,0)))="",""," → "&IF(33>MAX($N$16:$N$5015),"",INDEX($E$16:$E$5015,MATCH((MAX($N$16:$N$5015)-33+1),$N$16:$N$5015,0)))) | R37: =IF(33>MAX($N$16:$N$5015),"",INDEX($D$16:$D$5015,MATCH((MAX($N$16:$N$5015)-33+1),$N$16:$N$5015,0))) | S37: =IF(33>MAX($N$16:$N$5015),"",INDEX($F$16:$F$5015,MATCH((MAX($N$16:$N$5015)-33+1),$N$16:$N$5015,0))) | T37: =IF(33>MAX($N$16:$N$5015),"",IF(33>MAX($N$16:$N$5015),"",INDEX($G$16:$G$5015,MATCH((MAX($N$16:$N$5015)-33+1),$N$16:$N$5015,0)))&" › "&IF(33>MAX($N$16:$N$5015),"",INDEX($H$16:$H$5015,MATCH((MAX($N$16:$N$5015)-33+1),$N$16:$N$5015,0)))&" › "&IF(33>MAX($N$16:$N$5015),"",INDEX($I$16:$I$5015,MATCH((MAX($N$16:$N$5015)-33+1),$N$16:$N$5015,0)))) | U37: =IF(33>MAX($N$16:$N$5015),"",INDEX($J$16:$J$5015,MATCH((MAX($N$16:$N$5015)-33+1),$N$16:$N$5015,0)))&IF(IF(33>MAX($N$16:$N$5015),"",INDEX($L$16:$L$5015,MATCH((MAX($N$16:$N$5015)-33+1),$N$16:$N$5015,0)))="",""," ["&IF(33>MAX($N$16:$N$5015),"",INDEX($L$16:$L$5015,MATCH((MAX($N$16:$N$5015)-33+1),$N$16:$N$5015,0)))&"]") | V37: =IF(33>MAX($N$16:$N$5015),"",HYPERLINK("#Transaksi!B"&(MATCH((MAX($N$16:$N$5015)-33+1),$N$16:$N$5015,0)+15),"Buka")) | X37: =IF(AND(B37<>"",B37>='Buku Akun'!$H$4,B37<='Buku Akun'!$H$5,OR(C37='Buku Akun'!$C$4,AND(D37="Pindah",E37='Buku Akun'!$C$4))),B37+IF(AND(I37="Selisih bunga",DAY(B37)=1),0,0.01)+ROW()/10000000,"")
A38: =IF(B38="","",ROW()-15) | M38: =IF(AND(B38<>"",OR($C$4="",ISNUMBER(SEARCH($C$4,C38&" "&E38&" "&G38&" "&H38&" "&I38&" "&J38&" "&K38&" "&L38))),OR($C$5="Semua",$C$5="",G38=$C$5),OR($C$6="Semua",$C$6="",H38=$C$6,H38="Pengeluaran "&$C$6,AND($C$6="Uang Kos Mama",H38="Pengeluaran Uang Kos")),OR($C$7="Semua",$C$7="",I38=$C$7),OR($C$8="Semua",$C$8="",C38=$C$8,E38=$C$8),OR($C$9="Semua",$C$9="",D38=$C$9),OR($C$10="",B38>=$C$10),OR($C$11="",B38<=$C$11),OR($C$12<>"Ya",K38<>""),OR($C$13="Semua",$C$13="",L38=$C$13)),"✓","") | N38: =N(N37)+IF(M38="✓",1,0) | O38: =N(O37)+IF(AND(B38<>"",B38>='Uang Riba'!$H$30,B38<='Uang Riba'!$I$30,OR(H38="Dana riba",H38="Pinjam uang riba",I38="Pinjam dari uang riba",I38="Ganti uang riba",I38="Kelebihan ganti dikembalikan",AND(C38="Kantong Uang Riba",G38="Pengeluaran"))),1,0) | P38: =IF(34>MAX($N$16:$N$5015),"",INDEX($B$16:$B$5015,MATCH((MAX($N$16:$N$5015)-34+1),$N$16:$N$5015,0))) | Q38: =IF(34>MAX($N$16:$N$5015),"",INDEX($C$16:$C$5015,MATCH((MAX($N$16:$N$5015)-34+1),$N$16:$N$5015,0)))&IF(IF(34>MAX($N$16:$N$5015),"",INDEX($E$16:$E$5015,MATCH((MAX($N$16:$N$5015)-34+1),$N$16:$N$5015,0)))="",""," → "&IF(34>MAX($N$16:$N$5015),"",INDEX($E$16:$E$5015,MATCH((MAX($N$16:$N$5015)-34+1),$N$16:$N$5015,0)))) | R38: =IF(34>MAX($N$16:$N$5015),"",INDEX($D$16:$D$5015,MATCH((MAX($N$16:$N$5015)-34+1),$N$16:$N$5015,0))) | S38: =IF(34>MAX($N$16:$N$5015),"",INDEX($F$16:$F$5015,MATCH((MAX($N$16:$N$5015)-34+1),$N$16:$N$5015,0))) | T38: =IF(34>MAX($N$16:$N$5015),"",IF(34>MAX($N$16:$N$5015),"",INDEX($G$16:$G$5015,MATCH((MAX($N$16:$N$5015)-34+1),$N$16:$N$5015,0)))&" › "&IF(34>MAX($N$16:$N$5015),"",INDEX($H$16:$H$5015,MATCH((MAX($N$16:$N$5015)-34+1),$N$16:$N$5015,0)))&" › "&IF(34>MAX($N$16:$N$5015),"",INDEX($I$16:$I$5015,MATCH((MAX($N$16:$N$5015)-34+1),$N$16:$N$5015,0)))) | U38: =IF(34>MAX($N$16:$N$5015),"",INDEX($J$16:$J$5015,MATCH((MAX($N$16:$N$5015)-34+1),$N$16:$N$5015,0)))&IF(IF(34>MAX($N$16:$N$5015),"",INDEX($L$16:$L$5015,MATCH((MAX($N$16:$N$5015)-34+1),$N$16:$N$5015,0)))="",""," ["&IF(34>MAX($N$16:$N$5015),"",INDEX($L$16:$L$5015,MATCH((MAX($N$16:$N$5015)-34+1),$N$16:$N$5015,0)))&"]") | V38: =IF(34>MAX($N$16:$N$5015),"",HYPERLINK("#Transaksi!B"&(MATCH((MAX($N$16:$N$5015)-34+1),$N$16:$N$5015,0)+15),"Buka")) | X38: =IF(AND(B38<>"",B38>='Buku Akun'!$H$4,B38<='Buku Akun'!$H$5,OR(C38='Buku Akun'!$C$4,AND(D38="Pindah",E38='Buku Akun'!$C$4))),B38+IF(AND(I38="Selisih bunga",DAY(B38)=1),0,0.01)+ROW()/10000000,"")
A39: =IF(B39="","",ROW()-15) | M39: =IF(AND(B39<>"",OR($C$4="",ISNUMBER(SEARCH($C$4,C39&" "&E39&" "&G39&" "&H39&" "&I39&" "&J39&" "&K39&" "&L39))),OR($C$5="Semua",$C$5="",G39=$C$5),OR($C$6="Semua",$C$6="",H39=$C$6,H39="Pengeluaran "&$C$6,AND($C$6="Uang Kos Mama",H39="Pengeluaran Uang Kos")),OR($C$7="Semua",$C$7="",I39=$C$7),OR($C$8="Semua",$C$8="",C39=$C$8,E39=$C$8),OR($C$9="Semua",$C$9="",D39=$C$9),OR($C$10="",B39>=$C$10),OR($C$11="",B39<=$C$11),OR($C$12<>"Ya",K39<>""),OR($C$13="Semua",$C$13="",L39=$C$13)),"✓","") | N39: =N(N38)+IF(M39="✓",1,0) | O39: =N(O38)+IF(AND(B39<>"",B39>='Uang Riba'!$H$30,B39<='Uang Riba'!$I$30,OR(H39="Dana riba",H39="Pinjam uang riba",I39="Pinjam dari uang riba",I39="Ganti uang riba",I39="Kelebihan ganti dikembalikan",AND(C39="Kantong Uang Riba",G39="Pengeluaran"))),1,0) | P39: =IF(35>MAX($N$16:$N$5015),"",INDEX($B$16:$B$5015,MATCH((MAX($N$16:$N$5015)-35+1),$N$16:$N$5015,0))) | Q39: =IF(35>MAX($N$16:$N$5015),"",INDEX($C$16:$C$5015,MATCH((MAX($N$16:$N$5015)-35+1),$N$16:$N$5015,0)))&IF(IF(35>MAX($N$16:$N$5015),"",INDEX($E$16:$E$5015,MATCH((MAX($N$16:$N$5015)-35+1),$N$16:$N$5015,0)))="",""," → "&IF(35>MAX($N$16:$N$5015),"",INDEX($E$16:$E$5015,MATCH((MAX($N$16:$N$5015)-35+1),$N$16:$N$5015,0)))) | R39: =IF(35>MAX($N$16:$N$5015),"",INDEX($D$16:$D$5015,MATCH((MAX($N$16:$N$5015)-35+1),$N$16:$N$5015,0))) | S39: =IF(35>MAX($N$16:$N$5015),"",INDEX($F$16:$F$5015,MATCH((MAX($N$16:$N$5015)-35+1),$N$16:$N$5015,0))) | T39: =IF(35>MAX($N$16:$N$5015),"",IF(35>MAX($N$16:$N$5015),"",INDEX($G$16:$G$5015,MATCH((MAX($N$16:$N$5015)-35+1),$N$16:$N$5015,0)))&" › "&IF(35>MAX($N$16:$N$5015),"",INDEX($H$16:$H$5015,MATCH((MAX($N$16:$N$5015)-35+1),$N$16:$N$5015,0)))&" › "&IF(35>MAX($N$16:$N$5015),"",INDEX($I$16:$I$5015,MATCH((MAX($N$16:$N$5015)-35+1),$N$16:$N$5015,0)))) | U39: =IF(35>MAX($N$16:$N$5015),"",INDEX($J$16:$J$5015,MATCH((MAX($N$16:$N$5015)-35+1),$N$16:$N$5015,0)))&IF(IF(35>MAX($N$16:$N$5015),"",INDEX($L$16:$L$5015,MATCH((MAX($N$16:$N$5015)-35+1),$N$16:$N$5015,0)))="",""," ["&IF(35>MAX($N$16:$N$5015),"",INDEX($L$16:$L$5015,MATCH((MAX($N$16:$N$5015)-35+1),$N$16:$N$5015,0)))&"]") | V39: =IF(35>MAX($N$16:$N$5015),"",HYPERLINK("#Transaksi!B"&(MATCH((MAX($N$16:$N$5015)-35+1),$N$16:$N$5015,0)+15),"Buka")) | X39: =IF(AND(B39<>"",B39>='Buku Akun'!$H$4,B39<='Buku Akun'!$H$5,OR(C39='Buku Akun'!$C$4,AND(D39="Pindah",E39='Buku Akun'!$C$4))),B39+IF(AND(I39="Selisih bunga",DAY(B39)=1),0,0.01)+ROW()/10000000,"")
A40: =IF(B40="","",ROW()-15) | M40: =IF(AND(B40<>"",OR($C$4="",ISNUMBER(SEARCH($C$4,C40&" "&E40&" "&G40&" "&H40&" "&I40&" "&J40&" "&K40&" "&L40))),OR($C$5="Semua",$C$5="",G40=$C$5),OR($C$6="Semua",$C$6="",H40=$C$6,H40="Pengeluaran "&$C$6,AND($C$6="Uang Kos Mama",H40="Pengeluaran Uang Kos")),OR($C$7="Semua",$C$7="",I40=$C$7),OR($C$8="Semua",$C$8="",C40=$C$8,E40=$C$8),OR($C$9="Semua",$C$9="",D40=$C$9),OR($C$10="",B40>=$C$10),OR($C$11="",B40<=$C$11),OR($C$12<>"Ya",K40<>""),OR($C$13="Semua",$C$13="",L40=$C$13)),"✓","") | N40: =N(N39)+IF(M40="✓",1,0) | O40: =N(O39)+IF(AND(B40<>"",B40>='Uang Riba'!$H$30,B40<='Uang Riba'!$I$30,OR(H40="Dana riba",H40="Pinjam uang riba",I40="Pinjam dari uang riba",I40="Ganti uang riba",I40="Kelebihan ganti dikembalikan",AND(C40="Kantong Uang Riba",G40="Pengeluaran"))),1,0) | P40: =IF(36>MAX($N$16:$N$5015),"",INDEX($B$16:$B$5015,MATCH((MAX($N$16:$N$5015)-36+1),$N$16:$N$5015,0))) | Q40: =IF(36>MAX($N$16:$N$5015),"",INDEX($C$16:$C$5015,MATCH((MAX($N$16:$N$5015)-36+1),$N$16:$N$5015,0)))&IF(IF(36>MAX($N$16:$N$5015),"",INDEX($E$16:$E$5015,MATCH((MAX($N$16:$N$5015)-36+1),$N$16:$N$5015,0)))="",""," → "&IF(36>MAX($N$16:$N$5015),"",INDEX($E$16:$E$5015,MATCH((MAX($N$16:$N$5015)-36+1),$N$16:$N$5015,0)))) | R40: =IF(36>MAX($N$16:$N$5015),"",INDEX($D$16:$D$5015,MATCH((MAX($N$16:$N$5015)-36+1),$N$16:$N$5015,0))) | S40: =IF(36>MAX($N$16:$N$5015),"",INDEX($F$16:$F$5015,MATCH((MAX($N$16:$N$5015)-36+1),$N$16:$N$5015,0))) | T40: =IF(36>MAX($N$16:$N$5015),"",IF(36>MAX($N$16:$N$5015),"",INDEX($G$16:$G$5015,MATCH((MAX($N$16:$N$5015)-36+1),$N$16:$N$5015,0)))&" › "&IF(36>MAX($N$16:$N$5015),"",INDEX($H$16:$H$5015,MATCH((MAX($N$16:$N$5015)-36+1),$N$16:$N$5015,0)))&" › "&IF(36>MAX($N$16:$N$5015),"",INDEX($I$16:$I$5015,MATCH((MAX($N$16:$N$5015)-36+1),$N$16:$N$5015,0)))) | U40: =IF(36>MAX($N$16:$N$5015),"",INDEX($J$16:$J$5015,MATCH((MAX($N$16:$N$5015)-36+1),$N$16:$N$5015,0)))&IF(IF(36>MAX($N$16:$N$5015),"",INDEX($L$16:$L$5015,MATCH((MAX($N$16:$N$5015)-36+1),$N$16:$N$5015,0)))="",""," ["&IF(36>MAX($N$16:$N$5015),"",INDEX($L$16:$L$5015,MATCH((MAX($N$16:$N$5015)-36+1),$N$16:$N$5015,0)))&"]") | V40: =IF(36>MAX($N$16:$N$5015),"",HYPERLINK("#Transaksi!B"&(MATCH((MAX($N$16:$N$5015)-36+1),$N$16:$N$5015,0)+15),"Buka")) | X40: =IF(AND(B40<>"",B40>='Buku Akun'!$H$4,B40<='Buku Akun'!$H$5,OR(C40='Buku Akun'!$C$4,AND(D40="Pindah",E40='Buku Akun'!$C$4))),B40+IF(AND(I40="Selisih bunga",DAY(B40)=1),0,0.01)+ROW()/10000000,"")
A41: =IF(B41="","",ROW()-15) | M41: =IF(AND(B41<>"",OR($C$4="",ISNUMBER(SEARCH($C$4,C41&" "&E41&" "&G41&" "&H41&" "&I41&" "&J41&" "&K41&" "&L41))),OR($C$5="Semua",$C$5="",G41=$C$5),OR($C$6="Semua",$C$6="",H41=$C$6,H41="Pengeluaran "&$C$6,AND($C$6="Uang Kos Mama",H41="Pengeluaran Uang Kos")),OR($C$7="Semua",$C$7="",I41=$C$7),OR($C$8="Semua",$C$8="",C41=$C$8,E41=$C$8),OR($C$9="Semua",$C$9="",D41=$C$9),OR($C$10="",B41>=$C$10),OR($C$11="",B41<=$C$11),OR($C$12<>"Ya",K41<>""),OR($C$13="Semua",$C$13="",L41=$C$13)),"✓","") | N41: =N(N40)+IF(M41="✓",1,0) | O41: =N(O40)+IF(AND(B41<>"",B41>='Uang Riba'!$H$30,B41<='Uang Riba'!$I$30,OR(H41="Dana riba",H41="Pinjam uang riba",I41="Pinjam dari uang riba",I41="Ganti uang riba",I41="Kelebihan ganti dikembalikan",AND(C41="Kantong Uang Riba",G41="Pengeluaran"))),1,0) | P41: =IF(37>MAX($N$16:$N$5015),"",INDEX($B$16:$B$5015,MATCH((MAX($N$16:$N$5015)-37+1),$N$16:$N$5015,0))) | Q41: =IF(37>MAX($N$16:$N$5015),"",INDEX($C$16:$C$5015,MATCH((MAX($N$16:$N$5015)-37+1),$N$16:$N$5015,0)))&IF(IF(37>MAX($N$16:$N$5015),"",INDEX($E$16:$E$5015,MATCH((MAX($N$16:$N$5015)-37+1),$N$16:$N$5015,0)))="",""," → "&IF(37>MAX($N$16:$N$5015),"",INDEX($E$16:$E$5015,MATCH((MAX($N$16:$N$5015)-37+1),$N$16:$N$5015,0)))) | R41: =IF(37>MAX($N$16:$N$5015),"",INDEX($D$16:$D$5015,MATCH((MAX($N$16:$N$5015)-37+1),$N$16:$N$5015,0))) | S41: =IF(37>MAX($N$16:$N$5015),"",INDEX($F$16:$F$5015,MATCH((MAX($N$16:$N$5015)-37+1),$N$16:$N$5015,0))) | T41: =IF(37>MAX($N$16:$N$5015),"",IF(37>MAX($N$16:$N$5015),"",INDEX($G$16:$G$5015,MATCH((MAX($N$16:$N$5015)-37+1),$N$16:$N$5015,0)))&" › "&IF(37>MAX($N$16:$N$5015),"",INDEX($H$16:$H$5015,MATCH((MAX($N$16:$N$5015)-37+1),$N$16:$N$5015,0)))&" › "&IF(37>MAX($N$16:$N$5015),"",INDEX($I$16:$I$5015,MATCH((MAX($N$16:$N$5015)-37+1),$N$16:$N$5015,0)))) | U41: =IF(37>MAX($N$16:$N$5015),"",INDEX($J$16:$J$5015,MATCH((MAX($N$16:$N$5015)-37+1),$N$16:$N$5015,0)))&IF(IF(37>MAX($N$16:$N$5015),"",INDEX($L$16:$L$5015,MATCH((MAX($N$16:$N$5015)-37+1),$N$16:$N$5015,0)))="",""," ["&IF(37>MAX($N$16:$N$5015),"",INDEX($L$16:$L$5015,MATCH((MAX($N$16:$N$5015)-37+1),$N$16:$N$5015,0)))&"]") | V41: =IF(37>MAX($N$16:$N$5015),"",HYPERLINK("#Transaksi!B"&(MATCH((MAX($N$16:$N$5015)-37+1),$N$16:$N$5015,0)+15),"Buka")) | X41: =IF(AND(B41<>"",B41>='Buku Akun'!$H$4,B41<='Buku Akun'!$H$5,OR(C41='Buku Akun'!$C$4,AND(D41="Pindah",E41='Buku Akun'!$C$4))),B41+IF(AND(I41="Selisih bunga",DAY(B41)=1),0,0.01)+ROW()/10000000,"")
A42: =IF(B42="","",ROW()-15) | M42: =IF(AND(B42<>"",OR($C$4="",ISNUMBER(SEARCH($C$4,C42&" "&E42&" "&G42&" "&H42&" "&I42&" "&J42&" "&K42&" "&L42))),OR($C$5="Semua",$C$5="",G42=$C$5),OR($C$6="Semua",$C$6="",H42=$C$6,H42="Pengeluaran "&$C$6,AND($C$6="Uang Kos Mama",H42="Pengeluaran Uang Kos")),OR($C$7="Semua",$C$7="",I42=$C$7),OR($C$8="Semua",$C$8="",C42=$C$8,E42=$C$8),OR($C$9="Semua",$C$9="",D42=$C$9),OR($C$10="",B42>=$C$10),OR($C$11="",B42<=$C$11),OR($C$12<>"Ya",K42<>""),OR($C$13="Semua",$C$13="",L42=$C$13)),"✓","") | N42: =N(N41)+IF(M42="✓",1,0) | O42: =N(O41)+IF(AND(B42<>"",B42>='Uang Riba'!$H$30,B42<='Uang Riba'!$I$30,OR(H42="Dana riba",H42="Pinjam uang riba",I42="Pinjam dari uang riba",I42="Ganti uang riba",I42="Kelebihan ganti dikembalikan",AND(C42="Kantong Uang Riba",G42="Pengeluaran"))),1,0) | P42: =IF(38>MAX($N$16:$N$5015),"",INDEX($B$16:$B$5015,MATCH((MAX($N$16:$N$5015)-38+1),$N$16:$N$5015,0))) | Q42: =IF(38>MAX($N$16:$N$5015),"",INDEX($C$16:$C$5015,MATCH((MAX($N$16:$N$5015)-38+1),$N$16:$N$5015,0)))&IF(IF(38>MAX($N$16:$N$5015),"",INDEX($E$16:$E$5015,MATCH((MAX($N$16:$N$5015)-38+1),$N$16:$N$5015,0)))="",""," → "&IF(38>MAX($N$16:$N$5015),"",INDEX($E$16:$E$5015,MATCH((MAX($N$16:$N$5015)-38+1),$N$16:$N$5015,0)))) | R42: =IF(38>MAX($N$16:$N$5015),"",INDEX($D$16:$D$5015,MATCH((MAX($N$16:$N$5015)-38+1),$N$16:$N$5015,0))) | S42: =IF(38>MAX($N$16:$N$5015),"",INDEX($F$16:$F$5015,MATCH((MAX($N$16:$N$5015)-38+1),$N$16:$N$5015,0))) | T42: =IF(38>MAX($N$16:$N$5015),"",IF(38>MAX($N$16:$N$5015),"",INDEX($G$16:$G$5015,MATCH((MAX($N$16:$N$5015)-38+1),$N$16:$N$5015,0)))&" › "&IF(38>MAX($N$16:$N$5015),"",INDEX($H$16:$H$5015,MATCH((MAX($N$16:$N$5015)-38+1),$N$16:$N$5015,0)))&" › "&IF(38>MAX($N$16:$N$5015),"",INDEX($I$16:$I$5015,MATCH((MAX($N$16:$N$5015)-38+1),$N$16:$N$5015,0)))) | U42: =IF(38>MAX($N$16:$N$5015),"",INDEX($J$16:$J$5015,MATCH((MAX($N$16:$N$5015)-38+1),$N$16:$N$5015,0)))&IF(IF(38>MAX($N$16:$N$5015),"",INDEX($L$16:$L$5015,MATCH((MAX($N$16:$N$5015)-38+1),$N$16:$N$5015,0)))="",""," ["&IF(38>MAX($N$16:$N$5015),"",INDEX($L$16:$L$5015,MATCH((MAX($N$16:$N$5015)-38+1),$N$16:$N$5015,0)))&"]") | V42: =IF(38>MAX($N$16:$N$5015),"",HYPERLINK("#Transaksi!B"&(MATCH((MAX($N$16:$N$5015)-38+1),$N$16:$N$5015,0)+15),"Buka")) | X42: =IF(AND(B42<>"",B42>='Buku Akun'!$H$4,B42<='Buku Akun'!$H$5,OR(C42='Buku Akun'!$C$4,AND(D42="Pindah",E42='Buku Akun'!$C$4))),B42+IF(AND(I42="Selisih bunga",DAY(B42)=1),0,0.01)+ROW()/10000000,"")
A43: =IF(B43="","",ROW()-15) | M43: =IF(AND(B43<>"",OR($C$4="",ISNUMBER(SEARCH($C$4,C43&" "&E43&" "&G43&" "&H43&" "&I43&" "&J43&" "&K43&" "&L43))),OR($C$5="Semua",$C$5="",G43=$C$5),OR($C$6="Semua",$C$6="",H43=$C$6,H43="Pengeluaran "&$C$6,AND($C$6="Uang Kos Mama",H43="Pengeluaran Uang Kos")),OR($C$7="Semua",$C$7="",I43=$C$7),OR($C$8="Semua",$C$8="",C43=$C$8,E43=$C$8),OR($C$9="Semua",$C$9="",D43=$C$9),OR($C$10="",B43>=$C$10),OR($C$11="",B43<=$C$11),OR($C$12<>"Ya",K43<>""),OR($C$13="Semua",$C$13="",L43=$C$13)),"✓","") | N43: =N(N42)+IF(M43="✓",1,0) | O43: =N(O42)+IF(AND(B43<>"",B43>='Uang Riba'!$H$30,B43<='Uang Riba'!$I$30,OR(H43="Dana riba",H43="Pinjam uang riba",I43="Pinjam dari uang riba",I43="Ganti uang riba",I43="Kelebihan ganti dikembalikan",AND(C43="Kantong Uang Riba",G43="Pengeluaran"))),1,0) | P43: =IF(39>MAX($N$16:$N$5015),"",INDEX($B$16:$B$5015,MATCH((MAX($N$16:$N$5015)-39+1),$N$16:$N$5015,0))) | Q43: =IF(39>MAX($N$16:$N$5015),"",INDEX($C$16:$C$5015,MATCH((MAX($N$16:$N$5015)-39+1),$N$16:$N$5015,0)))&IF(IF(39>MAX($N$16:$N$5015),"",INDEX($E$16:$E$5015,MATCH((MAX($N$16:$N$5015)-39+1),$N$16:$N$5015,0)))="",""," → "&IF(39>MAX($N$16:$N$5015),"",INDEX($E$16:$E$5015,MATCH((MAX($N$16:$N$5015)-39+1),$N$16:$N$5015,0)))) | R43: =IF(39>MAX($N$16:$N$5015),"",INDEX($D$16:$D$5015,MATCH((MAX($N$16:$N$5015)-39+1),$N$16:$N$5015,0))) | S43: =IF(39>MAX($N$16:$N$5015),"",INDEX($F$16:$F$5015,MATCH((MAX($N$16:$N$5015)-39+1),$N$16:$N$5015,0))) | T43: =IF(39>MAX($N$16:$N$5015),"",IF(39>MAX($N$16:$N$5015),"",INDEX($G$16:$G$5015,MATCH((MAX($N$16:$N$5015)-39+1),$N$16:$N$5015,0)))&" › "&IF(39>MAX($N$16:$N$5015),"",INDEX($H$16:$H$5015,MATCH((MAX($N$16:$N$5015)-39+1),$N$16:$N$5015,0)))&" › "&IF(39>MAX($N$16:$N$5015),"",INDEX($I$16:$I$5015,MATCH((MAX($N$16:$N$5015)-39+1),$N$16:$N$5015,0)))) | U43: =IF(39>MAX($N$16:$N$5015),"",INDEX($J$16:$J$5015,MATCH((MAX($N$16:$N$5015)-39+1),$N$16:$N$5015,0)))&IF(IF(39>MAX($N$16:$N$5015),"",INDEX($L$16:$L$5015,MATCH((MAX($N$16:$N$5015)-39+1),$N$16:$N$5015,0)))="",""," ["&IF(39>MAX($N$16:$N$5015),"",INDEX($L$16:$L$5015,MATCH((MAX($N$16:$N$5015)-39+1),$N$16:$N$5015,0)))&"]") | V43: =IF(39>MAX($N$16:$N$5015),"",HYPERLINK("#Transaksi!B"&(MATCH((MAX($N$16:$N$5015)-39+1),$N$16:$N$5015,0)+15),"Buka")) | X43: =IF(AND(B43<>"",B43>='Buku Akun'!$H$4,B43<='Buku Akun'!$H$5,OR(C43='Buku Akun'!$C$4,AND(D43="Pindah",E43='Buku Akun'!$C$4))),B43+IF(AND(I43="Selisih bunga",DAY(B43)=1),0,0.01)+ROW()/10000000,"")
A44: =IF(B44="","",ROW()-15) | M44: =IF(AND(B44<>"",OR($C$4="",ISNUMBER(SEARCH($C$4,C44&" "&E44&" "&G44&" "&H44&" "&I44&" "&J44&" "&K44&" "&L44))),OR($C$5="Semua",$C$5="",G44=$C$5),OR($C$6="Semua",$C$6="",H44=$C$6,H44="Pengeluaran "&$C$6,AND($C$6="Uang Kos Mama",H44="Pengeluaran Uang Kos")),OR($C$7="Semua",$C$7="",I44=$C$7),OR($C$8="Semua",$C$8="",C44=$C$8,E44=$C$8),OR($C$9="Semua",$C$9="",D44=$C$9),OR($C$10="",B44>=$C$10),OR($C$11="",B44<=$C$11),OR($C$12<>"Ya",K44<>""),OR($C$13="Semua",$C$13="",L44=$C$13)),"✓","") | N44: =N(N43)+IF(M44="✓",1,0) | O44: =N(O43)+IF(AND(B44<>"",B44>='Uang Riba'!$H$30,B44<='Uang Riba'!$I$30,OR(H44="Dana riba",H44="Pinjam uang riba",I44="Pinjam dari uang riba",I44="Ganti uang riba",I44="Kelebihan ganti dikembalikan",AND(C44="Kantong Uang Riba",G44="Pengeluaran"))),1,0) | P44: =IF(40>MAX($N$16:$N$5015),"",INDEX($B$16:$B$5015,MATCH((MAX($N$16:$N$5015)-40+1),$N$16:$N$5015,0))) | Q44: =IF(40>MAX($N$16:$N$5015),"",INDEX($C$16:$C$5015,MATCH((MAX($N$16:$N$5015)-40+1),$N$16:$N$5015,0)))&IF(IF(40>MAX($N$16:$N$5015),"",INDEX($E$16:$E$5015,MATCH((MAX($N$16:$N$5015)-40+1),$N$16:$N$5015,0)))="",""," → "&IF(40>MAX($N$16:$N$5015),"",INDEX($E$16:$E$5015,MATCH((MAX($N$16:$N$5015)-40+1),$N$16:$N$5015,0)))) | R44: =IF(40>MAX($N$16:$N$5015),"",INDEX($D$16:$D$5015,MATCH((MAX($N$16:$N$5015)-40+1),$N$16:$N$5015,0))) | S44: =IF(40>MAX($N$16:$N$5015),"",INDEX($F$16:$F$5015,MATCH((MAX($N$16:$N$5015)-40+1),$N$16:$N$5015,0))) | T44: =IF(40>MAX($N$16:$N$5015),"",IF(40>MAX($N$16:$N$5015),"",INDEX($G$16:$G$5015,MATCH((MAX($N$16:$N$5015)-40+1),$N$16:$N$5015,0)))&" › "&IF(40>MAX($N$16:$N$5015),"",INDEX($H$16:$H$5015,MATCH((MAX($N$16:$N$5015)-40+1),$N$16:$N$5015,0)))&" › "&IF(40>MAX($N$16:$N$5015),"",INDEX($I$16:$I$5015,MATCH((MAX($N$16:$N$5015)-40+1),$N$16:$N$5015,0)))) | U44: =IF(40>MAX($N$16:$N$5015),"",INDEX($J$16:$J$5015,MATCH((MAX($N$16:$N$5015)-40+1),$N$16:$N$5015,0)))&IF(IF(40>MAX($N$16:$N$5015),"",INDEX($L$16:$L$5015,MATCH((MAX($N$16:$N$5015)-40+1),$N$16:$N$5015,0)))="",""," ["&IF(40>MAX($N$16:$N$5015),"",INDEX($L$16:$L$5015,MATCH((MAX($N$16:$N$5015)-40+1),$N$16:$N$5015,0)))&"]") | V44: =IF(40>MAX($N$16:$N$5015),"",HYPERLINK("#Transaksi!B"&(MATCH((MAX($N$16:$N$5015)-40+1),$N$16:$N$5015,0)+15),"Buka")) | X44: =IF(AND(B44<>"",B44>='Buku Akun'!$H$4,B44<='Buku Akun'!$H$5,OR(C44='Buku Akun'!$C$4,AND(D44="Pindah",E44='Buku Akun'!$C$4))),B44+IF(AND(I44="Selisih bunga",DAY(B44)=1),0,0.01)+ROW()/10000000,"")
A45: =IF(B45="","",ROW()-15) | M45: =IF(AND(B45<>"",OR($C$4="",ISNUMBER(SEARCH($C$4,C45&" "&E45&" "&G45&" "&H45&" "&I45&" "&J45&" "&K45&" "&L45))),OR($C$5="Semua",$C$5="",G45=$C$5),OR($C$6="Semua",$C$6="",H45=$C$6,H45="Pengeluaran "&$C$6,AND($C$6="Uang Kos Mama",H45="Pengeluaran Uang Kos")),OR($C$7="Semua",$C$7="",I45=$C$7),OR($C$8="Semua",$C$8="",C45=$C$8,E45=$C$8),OR($C$9="Semua",$C$9="",D45=$C$9),OR($C$10="",B45>=$C$10),OR($C$11="",B45<=$C$11),OR($C$12<>"Ya",K45<>""),OR($C$13="Semua",$C$13="",L45=$C$13)),"✓","") | N45: =N(N44)+IF(M45="✓",1,0) | O45: =N(O44)+IF(AND(B45<>"",B45>='Uang Riba'!$H$30,B45<='Uang Riba'!$I$30,OR(H45="Dana riba",H45="Pinjam uang riba",I45="Pinjam dari uang riba",I45="Ganti uang riba",I45="Kelebihan ganti dikembalikan",AND(C45="Kantong Uang Riba",G45="Pengeluaran"))),1,0) | P45: =IF(41>MAX($N$16:$N$5015),"",INDEX($B$16:$B$5015,MATCH((MAX($N$16:$N$5015)-41+1),$N$16:$N$5015,0))) | Q45: =IF(41>MAX($N$16:$N$5015),"",INDEX($C$16:$C$5015,MATCH((MAX($N$16:$N$5015)-41+1),$N$16:$N$5015,0)))&IF(IF(41>MAX($N$16:$N$5015),"",INDEX($E$16:$E$5015,MATCH((MAX($N$16:$N$5015)-41+1),$N$16:$N$5015,0)))="",""," → "&IF(41>MAX($N$16:$N$5015),"",INDEX($E$16:$E$5015,MATCH((MAX($N$16:$N$5015)-41+1),$N$16:$N$5015,0)))) | R45: =IF(41>MAX($N$16:$N$5015),"",INDEX($D$16:$D$5015,MATCH((MAX($N$16:$N$5015)-41+1),$N$16:$N$5015,0))) | S45: =IF(41>MAX($N$16:$N$5015),"",INDEX($F$16:$F$5015,MATCH((MAX($N$16:$N$5015)-41+1),$N$16:$N$5015,0))) | T45: =IF(41>MAX($N$16:$N$5015),"",IF(41>MAX($N$16:$N$5015),"",INDEX($G$16:$G$5015,MATCH((MAX($N$16:$N$5015)-41+1),$N$16:$N$5015,0)))&" › "&IF(41>MAX($N$16:$N$5015),"",INDEX($H$16:$H$5015,MATCH((MAX($N$16:$N$5015)-41+1),$N$16:$N$5015,0)))&" › "&IF(41>MAX($N$16:$N$5015),"",INDEX($I$16:$I$5015,MATCH((MAX($N$16:$N$5015)-41+1),$N$16:$N$5015,0)))) | U45: =IF(41>MAX($N$16:$N$5015),"",INDEX($J$16:$J$5015,MATCH((MAX($N$16:$N$5015)-41+1),$N$16:$N$5015,0)))&IF(IF(41>MAX($N$16:$N$5015),"",INDEX($L$16:$L$5015,MATCH((MAX($N$16:$N$5015)-41+1),$N$16:$N$5015,0)))="",""," ["&IF(41>MAX($N$16:$N$5015),"",INDEX($L$16:$L$5015,MATCH((MAX($N$16:$N$5015)-41+1),$N$16:$N$5015,0)))&"]") | V45: =IF(41>MAX($N$16:$N$5015),"",HYPERLINK("#Transaksi!B"&(MATCH((MAX($N$16:$N$5015)-41+1),$N$16:$N$5015,0)+15),"Buka")) | X45: =IF(AND(B45<>"",B45>='Buku Akun'!$H$4,B45<='Buku Akun'!$H$5,OR(C45='Buku Akun'!$C$4,AND(D45="Pindah",E45='Buku Akun'!$C$4))),B45+IF(AND(I45="Selisih bunga",DAY(B45)=1),0,0.01)+ROW()/10000000,"")
A46: =IF(B46="","",ROW()-15) | M46: =IF(AND(B46<>"",OR($C$4="",ISNUMBER(SEARCH($C$4,C46&" "&E46&" "&G46&" "&H46&" "&I46&" "&J46&" "&K46&" "&L46))),OR($C$5="Semua",$C$5="",G46=$C$5),OR($C$6="Semua",$C$6="",H46=$C$6,H46="Pengeluaran "&$C$6,AND($C$6="Uang Kos Mama",H46="Pengeluaran Uang Kos")),OR($C$7="Semua",$C$7="",I46=$C$7),OR($C$8="Semua",$C$8="",C46=$C$8,E46=$C$8),OR($C$9="Semua",$C$9="",D46=$C$9),OR($C$10="",B46>=$C$10),OR($C$11="",B46<=$C$11),OR($C$12<>"Ya",K46<>""),OR($C$13="Semua",$C$13="",L46=$C$13)),"✓","") | N46: =N(N45)+IF(M46="✓",1,0) | O46: =N(O45)+IF(AND(B46<>"",B46>='Uang Riba'!$H$30,B46<='Uang Riba'!$I$30,OR(H46="Dana riba",H46="Pinjam uang riba",I46="Pinjam dari uang riba",I46="Ganti uang riba",I46="Kelebihan ganti dikembalikan",AND(C46="Kantong Uang Riba",G46="Pengeluaran"))),1,0) | P46: =IF(42>MAX($N$16:$N$5015),"",INDEX($B$16:$B$5015,MATCH((MAX($N$16:$N$5015)-42+1),$N$16:$N$5015,0))) | Q46: =IF(42>MAX($N$16:$N$5015),"",INDEX($C$16:$C$5015,MATCH((MAX($N$16:$N$5015)-42+1),$N$16:$N$5015,0)))&IF(IF(42>MAX($N$16:$N$5015),"",INDEX($E$16:$E$5015,MATCH((MAX($N$16:$N$5015)-42+1),$N$16:$N$5015,0)))="",""," → "&IF(42>MAX($N$16:$N$5015),"",INDEX($E$16:$E$5015,MATCH((MAX($N$16:$N$5015)-42+1),$N$16:$N$5015,0)))) | R46: =IF(42>MAX($N$16:$N$5015),"",INDEX($D$16:$D$5015,MATCH((MAX($N$16:$N$5015)-42+1),$N$16:$N$5015,0))) | S46: =IF(42>MAX($N$16:$N$5015),"",INDEX($F$16:$F$5015,MATCH((MAX($N$16:$N$5015)-42+1),$N$16:$N$5015,0))) | T46: =IF(42>MAX($N$16:$N$5015),"",IF(42>MAX($N$16:$N$5015),"",INDEX($G$16:$G$5015,MATCH((MAX($N$16:$N$5015)-42+1),$N$16:$N$5015,0)))&" › "&IF(42>MAX($N$16:$N$5015),"",INDEX($H$16:$H$5015,MATCH((MAX($N$16:$N$5015)-42+1),$N$16:$N$5015,0)))&" › "&IF(42>MAX($N$16:$N$5015),"",INDEX($I$16:$I$5015,MATCH((MAX($N$16:$N$5015)-42+1),$N$16:$N$5015,0)))) | U46: =IF(42>MAX($N$16:$N$5015),"",INDEX($J$16:$J$5015,MATCH((MAX($N$16:$N$5015)-42+1),$N$16:$N$5015,0)))&IF(IF(42>MAX($N$16:$N$5015),"",INDEX($L$16:$L$5015,MATCH((MAX($N$16:$N$5015)-42+1),$N$16:$N$5015,0)))="",""," ["&IF(42>MAX($N$16:$N$5015),"",INDEX($L$16:$L$5015,MATCH((MAX($N$16:$N$5015)-42+1),$N$16:$N$5015,0)))&"]") | V46: =IF(42>MAX($N$16:$N$5015),"",HYPERLINK("#Transaksi!B"&(MATCH((MAX($N$16:$N$5015)-42+1),$N$16:$N$5015,0)+15),"Buka")) | X46: =IF(AND(B46<>"",B46>='Buku Akun'!$H$4,B46<='Buku Akun'!$H$5,OR(C46='Buku Akun'!$C$4,AND(D46="Pindah",E46='Buku Akun'!$C$4))),B46+IF(AND(I46="Selisih bunga",DAY(B46)=1),0,0.01)+ROW()/10000000,"")
A47: =IF(B47="","",ROW()-15) | M47: =IF(AND(B47<>"",OR($C$4="",ISNUMBER(SEARCH($C$4,C47&" "&E47&" "&G47&" "&H47&" "&I47&" "&J47&" "&K47&" "&L47))),OR($C$5="Semua",$C$5="",G47=$C$5),OR($C$6="Semua",$C$6="",H47=$C$6,H47="Pengeluaran "&$C$6,AND($C$6="Uang Kos Mama",H47="Pengeluaran Uang Kos")),OR($C$7="Semua",$C$7="",I47=$C$7),OR($C$8="Semua",$C$8="",C47=$C$8,E47=$C$8),OR($C$9="Semua",$C$9="",D47=$C$9),OR($C$10="",B47>=$C$10),OR($C$11="",B47<=$C$11),OR($C$12<>"Ya",K47<>""),OR($C$13="Semua",$C$13="",L47=$C$13)),"✓","") | N47: =N(N46)+IF(M47="✓",1,0) | O47: =N(O46)+IF(AND(B47<>"",B47>='Uang Riba'!$H$30,B47<='Uang Riba'!$I$30,OR(H47="Dana riba",H47="Pinjam uang riba",I47="Pinjam dari uang riba",I47="Ganti uang riba",I47="Kelebihan ganti dikembalikan",AND(C47="Kantong Uang Riba",G47="Pengeluaran"))),1,0) | P47: =IF(43>MAX($N$16:$N$5015),"",INDEX($B$16:$B$5015,MATCH((MAX($N$16:$N$5015)-43+1),$N$16:$N$5015,0))) | Q47: =IF(43>MAX($N$16:$N$5015),"",INDEX($C$16:$C$5015,MATCH((MAX($N$16:$N$5015)-43+1),$N$16:$N$5015,0)))&IF(IF(43>MAX($N$16:$N$5015),"",INDEX($E$16:$E$5015,MATCH((MAX($N$16:$N$5015)-43+1),$N$16:$N$5015,0)))="",""," → "&IF(43>MAX($N$16:$N$5015),"",INDEX($E$16:$E$5015,MATCH((MAX($N$16:$N$5015)-43+1),$N$16:$N$5015,0)))) | R47: =IF(43>MAX($N$16:$N$5015),"",INDEX($D$16:$D$5015,MATCH((MAX($N$16:$N$5015)-43+1),$N$16:$N$5015,0))) | S47: =IF(43>MAX($N$16:$N$5015),"",INDEX($F$16:$F$5015,MATCH((MAX($N$16:$N$5015)-43+1),$N$16:$N$5015,0))) | T47: =IF(43>MAX($N$16:$N$5015),"",IF(43>MAX($N$16:$N$5015),"",INDEX($G$16:$G$5015,MATCH((MAX($N$16:$N$5015)-43+1),$N$16:$N$5015,0)))&" › "&IF(43>MAX($N$16:$N$5015),"",INDEX($H$16:$H$5015,MATCH((MAX($N$16:$N$5015)-43+1),$N$16:$N$5015,0)))&" › "&IF(43>MAX($N$16:$N$5015),"",INDEX($I$16:$I$5015,MATCH((MAX($N$16:$N$5015)-43+1),$N$16:$N$5015,0)))) | U47: =IF(43>MAX($N$16:$N$5015),"",INDEX($J$16:$J$5015,MATCH((MAX($N$16:$N$5015)-43+1),$N$16:$N$5015,0)))&IF(IF(43>MAX($N$16:$N$5015),"",INDEX($L$16:$L$5015,MATCH((MAX($N$16:$N$5015)-43+1),$N$16:$N$5015,0)))="",""," ["&IF(43>MAX($N$16:$N$5015),"",INDEX($L$16:$L$5015,MATCH((MAX($N$16:$N$5015)-43+1),$N$16:$N$5015,0)))&"]") | V47: =IF(43>MAX($N$16:$N$5015),"",HYPERLINK("#Transaksi!B"&(MATCH((MAX($N$16:$N$5015)-43+1),$N$16:$N$5015,0)+15),"Buka")) | X47: =IF(AND(B47<>"",B47>='Buku Akun'!$H$4,B47<='Buku Akun'!$H$5,OR(C47='Buku Akun'!$C$4,AND(D47="Pindah",E47='Buku Akun'!$C$4))),B47+IF(AND(I47="Selisih bunga",DAY(B47)=1),0,0.01)+ROW()/10000000,"")
A48: =IF(B48="","",ROW()-15) | M48: =IF(AND(B48<>"",OR($C$4="",ISNUMBER(SEARCH($C$4,C48&" "&E48&" "&G48&" "&H48&" "&I48&" "&J48&" "&K48&" "&L48))),OR($C$5="Semua",$C$5="",G48=$C$5),OR($C$6="Semua",$C$6="",H48=$C$6,H48="Pengeluaran "&$C$6,AND($C$6="Uang Kos Mama",H48="Pengeluaran Uang Kos")),OR($C$7="Semua",$C$7="",I48=$C$7),OR($C$8="Semua",$C$8="",C48=$C$8,E48=$C$8),OR($C$9="Semua",$C$9="",D48=$C$9),OR($C$10="",B48>=$C$10),OR($C$11="",B48<=$C$11),OR($C$12<>"Ya",K48<>""),OR($C$13="Semua",$C$13="",L48=$C$13)),"✓","") | N48: =N(N47)+IF(M48="✓",1,0) | O48: =N(O47)+IF(AND(B48<>"",B48>='Uang Riba'!$H$30,B48<='Uang Riba'!$I$30,OR(H48="Dana riba",H48="Pinjam uang riba",I48="Pinjam dari uang riba",I48="Ganti uang riba",I48="Kelebihan ganti dikembalikan",AND(C48="Kantong Uang Riba",G48="Pengeluaran"))),1,0) | P48: =IF(44>MAX($N$16:$N$5015),"",INDEX($B$16:$B$5015,MATCH((MAX($N$16:$N$5015)-44+1),$N$16:$N$5015,0))) | Q48: =IF(44>MAX($N$16:$N$5015),"",INDEX($C$16:$C$5015,MATCH((MAX($N$16:$N$5015)-44+1),$N$16:$N$5015,0)))&IF(IF(44>MAX($N$16:$N$5015),"",INDEX($E$16:$E$5015,MATCH((MAX($N$16:$N$5015)-44+1),$N$16:$N$5015,0)))="",""," → "&IF(44>MAX($N$16:$N$5015),"",INDEX($E$16:$E$5015,MATCH((MAX($N$16:$N$5015)-44+1),$N$16:$N$5015,0)))) | R48: =IF(44>MAX($N$16:$N$5015),"",INDEX($D$16:$D$5015,MATCH((MAX($N$16:$N$5015)-44+1),$N$16:$N$5015,0))) | S48: =IF(44>MAX($N$16:$N$5015),"",INDEX($F$16:$F$5015,MATCH((MAX($N$16:$N$5015)-44+1),$N$16:$N$5015,0))) | T48: =IF(44>MAX($N$16:$N$5015),"",IF(44>MAX($N$16:$N$5015),"",INDEX($G$16:$G$5015,MATCH((MAX($N$16:$N$5015)-44+1),$N$16:$N$5015,0)))&" › "&IF(44>MAX($N$16:$N$5015),"",INDEX($H$16:$H$5015,MATCH((MAX($N$16:$N$5015)-44+1),$N$16:$N$5015,0)))&" › "&IF(44>MAX($N$16:$N$5015),"",INDEX($I$16:$I$5015,MATCH((MAX($N$16:$N$5015)-44+1),$N$16:$N$5015,0)))) | U48: =IF(44>MAX($N$16:$N$5015),"",INDEX($J$16:$J$5015,MATCH((MAX($N$16:$N$5015)-44+1),$N$16:$N$5015,0)))&IF(IF(44>MAX($N$16:$N$5015),"",INDEX($L$16:$L$5015,MATCH((MAX($N$16:$N$5015)-44+1),$N$16:$N$5015,0)))="",""," ["&IF(44>MAX($N$16:$N$5015),"",INDEX($L$16:$L$5015,MATCH((MAX($N$16:$N$5015)-44+1),$N$16:$N$5015,0)))&"]") | V48: =IF(44>MAX($N$16:$N$5015),"",HYPERLINK("#Transaksi!B"&(MATCH((MAX($N$16:$N$5015)-44+1),$N$16:$N$5015,0)+15),"Buka")) | X48: =IF(AND(B48<>"",B48>='Buku Akun'!$H$4,B48<='Buku Akun'!$H$5,OR(C48='Buku Akun'!$C$4,AND(D48="Pindah",E48='Buku Akun'!$C$4))),B48+IF(AND(I48="Selisih bunga",DAY(B48)=1),0,0.01)+ROW()/10000000,"")
A49: =IF(B49="","",ROW()-15) | M49: =IF(AND(B49<>"",OR($C$4="",ISNUMBER(SEARCH($C$4,C49&" "&E49&" "&G49&" "&H49&" "&I49&" "&J49&" "&K49&" "&L49))),OR($C$5="Semua",$C$5="",G49=$C$5),OR($C$6="Semua",$C$6="",H49=$C$6,H49="Pengeluaran "&$C$6,AND($C$6="Uang Kos Mama",H49="Pengeluaran Uang Kos")),OR($C$7="Semua",$C$7="",I49=$C$7),OR($C$8="Semua",$C$8="",C49=$C$8,E49=$C$8),OR($C$9="Semua",$C$9="",D49=$C$9),OR($C$10="",B49>=$C$10),OR($C$11="",B49<=$C$11),OR($C$12<>"Ya",K49<>""),OR($C$13="Semua",$C$13="",L49=$C$13)),"✓","") | N49: =N(N48)+IF(M49="✓",1,0) | O49: =N(O48)+IF(AND(B49<>"",B49>='Uang Riba'!$H$30,B49<='Uang Riba'!$I$30,OR(H49="Dana riba",H49="Pinjam uang riba",I49="Pinjam dari uang riba",I49="Ganti uang riba",I49="Kelebihan ganti dikembalikan",AND(C49="Kantong Uang Riba",G49="Pengeluaran"))),1,0) | P49: =IF(45>MAX($N$16:$N$5015),"",INDEX($B$16:$B$5015,MATCH((MAX($N$16:$N$5015)-45+1),$N$16:$N$5015,0))) | Q49: =IF(45>MAX($N$16:$N$5015),"",INDEX($C$16:$C$5015,MATCH((MAX($N$16:$N$5015)-45+1),$N$16:$N$5015,0)))&IF(IF(45>MAX($N$16:$N$5015),"",INDEX($E$16:$E$5015,MATCH((MAX($N$16:$N$5015)-45+1),$N$16:$N$5015,0)))="",""," → "&IF(45>MAX($N$16:$N$5015),"",INDEX($E$16:$E$5015,MATCH((MAX($N$16:$N$5015)-45+1),$N$16:$N$5015,0)))) | R49: =IF(45>MAX($N$16:$N$5015),"",INDEX($D$16:$D$5015,MATCH((MAX($N$16:$N$5015)-45+1),$N$16:$N$5015,0))) | S49: =IF(45>MAX($N$16:$N$5015),"",INDEX($F$16:$F$5015,MATCH((MAX($N$16:$N$5015)-45+1),$N$16:$N$5015,0))) | T49: =IF(45>MAX($N$16:$N$5015),"",IF(45>MAX($N$16:$N$5015),"",INDEX($G$16:$G$5015,MATCH((MAX($N$16:$N$5015)-45+1),$N$16:$N$5015,0)))&" › "&IF(45>MAX($N$16:$N$5015),"",INDEX($H$16:$H$5015,MATCH((MAX($N$16:$N$5015)-45+1),$N$16:$N$5015,0)))&" › "&IF(45>MAX($N$16:$N$5015),"",INDEX($I$16:$I$5015,MATCH((MAX($N$16:$N$5015)-45+1),$N$16:$N$5015,0)))) | U49: =IF(45>MAX($N$16:$N$5015),"",INDEX($J$16:$J$5015,MATCH((MAX($N$16:$N$5015)-45+1),$N$16:$N$5015,0)))&IF(IF(45>MAX($N$16:$N$5015),"",INDEX($L$16:$L$5015,MATCH((MAX($N$16:$N$5015)-45+1),$N$16:$N$5015,0)))="",""," ["&IF(45>MAX($N$16:$N$5015),"",INDEX($L$16:$L$5015,MATCH((MAX($N$16:$N$5015)-45+1),$N$16:$N$5015,0)))&"]") | V49: =IF(45>MAX($N$16:$N$5015),"",HYPERLINK("#Transaksi!B"&(MATCH((MAX($N$16:$N$5015)-45+1),$N$16:$N$5015,0)+15),"Buka")) | X49: =IF(AND(B49<>"",B49>='Buku Akun'!$H$4,B49<='Buku Akun'!$H$5,OR(C49='Buku Akun'!$C$4,AND(D49="Pindah",E49='Buku Akun'!$C$4))),B49+IF(AND(I49="Selisih bunga",DAY(B49)=1),0,0.01)+ROW()/10000000,"")
A50: =IF(B50="","",ROW()-15) | M50: =IF(AND(B50<>"",OR($C$4="",ISNUMBER(SEARCH($C$4,C50&" "&E50&" "&G50&" "&H50&" "&I50&" "&J50&" "&K50&" "&L50))),OR($C$5="Semua",$C$5="",G50=$C$5),OR($C$6="Semua",$C$6="",H50=$C$6,H50="Pengeluaran "&$C$6,AND($C$6="Uang Kos Mama",H50="Pengeluaran Uang Kos")),OR($C$7="Semua",$C$7="",I50=$C$7),OR($C$8="Semua",$C$8="",C50=$C$8,E50=$C$8),OR($C$9="Semua",$C$9="",D50=$C$9),OR($C$10="",B50>=$C$10),OR($C$11="",B50<=$C$11),OR($C$12<>"Ya",K50<>""),OR($C$13="Semua",$C$13="",L50=$C$13)),"✓","") | N50: =N(N49)+IF(M50="✓",1,0) | O50: =N(O49)+IF(AND(B50<>"",B50>='Uang Riba'!$H$30,B50<='Uang Riba'!$I$30,OR(H50="Dana riba",H50="Pinjam uang riba",I50="Pinjam dari uang riba",I50="Ganti uang riba",I50="Kelebihan ganti dikembalikan",AND(C50="Kantong Uang Riba",G50="Pengeluaran"))),1,0) | P50: =IF(46>MAX($N$16:$N$5015),"",INDEX($B$16:$B$5015,MATCH((MAX($N$16:$N$5015)-46+1),$N$16:$N$5015,0))) | Q50: =IF(46>MAX($N$16:$N$5015),"",INDEX($C$16:$C$5015,MATCH((MAX($N$16:$N$5015)-46+1),$N$16:$N$5015,0)))&IF(IF(46>MAX($N$16:$N$5015),"",INDEX($E$16:$E$5015,MATCH((MAX($N$16:$N$5015)-46+1),$N$16:$N$5015,0)))="",""," → "&IF(46>MAX($N$16:$N$5015),"",INDEX($E$16:$E$5015,MATCH((MAX($N$16:$N$5015)-46+1),$N$16:$N$5015,0)))) | R50: =IF(46>MAX($N$16:$N$5015),"",INDEX($D$16:$D$5015,MATCH((MAX($N$16:$N$5015)-46+1),$N$16:$N$5015,0))) | S50: =IF(46>MAX($N$16:$N$5015),"",INDEX($F$16:$F$5015,MATCH((MAX($N$16:$N$5015)-46+1),$N$16:$N$5015,0))) | T50: =IF(46>MAX($N$16:$N$5015),"",IF(46>MAX($N$16:$N$5015),"",INDEX($G$16:$G$5015,MATCH((MAX($N$16:$N$5015)-46+1),$N$16:$N$5015,0)))&" › "&IF(46>MAX($N$16:$N$5015),"",INDEX($H$16:$H$5015,MATCH((MAX($N$16:$N$5015)-46+1),$N$16:$N$5015,0)))&" › "&IF(46>MAX($N$16:$N$5015),"",INDEX($I$16:$I$5015,MATCH((MAX($N$16:$N$5015)-46+1),$N$16:$N$5015,0)))) | U50: =IF(46>MAX($N$16:$N$5015),"",INDEX($J$16:$J$5015,MATCH((MAX($N$16:$N$5015)-46+1),$N$16:$N$5015,0)))&IF(IF(46>MAX($N$16:$N$5015),"",INDEX($L$16:$L$5015,MATCH((MAX($N$16:$N$5015)-46+1),$N$16:$N$5015,0)))="",""," ["&IF(46>MAX($N$16:$N$5015),"",INDEX($L$16:$L$5015,MATCH((MAX($N$16:$N$5015)-46+1),$N$16:$N$5015,0)))&"]") | V50: =IF(46>MAX($N$16:$N$5015),"",HYPERLINK("#Transaksi!B"&(MATCH((MAX($N$16:$N$5015)-46+1),$N$16:$N$5015,0)+15),"Buka")) | X50: =IF(AND(B50<>"",B50>='Buku Akun'!$H$4,B50<='Buku Akun'!$H$5,OR(C50='Buku Akun'!$C$4,AND(D50="Pindah",E50='Buku Akun'!$C$4))),B50+IF(AND(I50="Selisih bunga",DAY(B50)=1),0,0.01)+ROW()/10000000,"")
A51: =IF(B51="","",ROW()-15) | M51: =IF(AND(B51<>"",OR($C$4="",ISNUMBER(SEARCH($C$4,C51&" "&E51&" "&G51&" "&H51&" "&I51&" "&J51&" "&K51&" "&L51))),OR($C$5="Semua",$C$5="",G51=$C$5),OR($C$6="Semua",$C$6="",H51=$C$6,H51="Pengeluaran "&$C$6,AND($C$6="Uang Kos Mama",H51="Pengeluaran Uang Kos")),OR($C$7="Semua",$C$7="",I51=$C$7),OR($C$8="Semua",$C$8="",C51=$C$8,E51=$C$8),OR($C$9="Semua",$C$9="",D51=$C$9),OR($C$10="",B51>=$C$10),OR($C$11="",B51<=$C$11),OR($C$12<>"Ya",K51<>""),OR($C$13="Semua",$C$13="",L51=$C$13)),"✓","") | N51: =N(N50)+IF(M51="✓",1,0) | O51: =N(O50)+IF(AND(B51<>"",B51>='Uang Riba'!$H$30,B51<='Uang Riba'!$I$30,OR(H51="Dana riba",H51="Pinjam uang riba",I51="Pinjam dari uang riba",I51="Ganti uang riba",I51="Kelebihan ganti dikembalikan",AND(C51="Kantong Uang Riba",G51="Pengeluaran"))),1,0) | P51: =IF(47>MAX($N$16:$N$5015),"",INDEX($B$16:$B$5015,MATCH((MAX($N$16:$N$5015)-47+1),$N$16:$N$5015,0))) | Q51: =IF(47>MAX($N$16:$N$5015),"",INDEX($C$16:$C$5015,MATCH((MAX($N$16:$N$5015)-47+1),$N$16:$N$5015,0)))&IF(IF(47>MAX($N$16:$N$5015),"",INDEX($E$16:$E$5015,MATCH((MAX($N$16:$N$5015)-47+1),$N$16:$N$5015,0)))="",""," → "&IF(47>MAX($N$16:$N$5015),"",INDEX($E$16:$E$5015,MATCH((MAX($N$16:$N$5015)-47+1),$N$16:$N$5015,0)))) | R51: =IF(47>MAX($N$16:$N$5015),"",INDEX($D$16:$D$5015,MATCH((MAX($N$16:$N$5015)-47+1),$N$16:$N$5015,0))) | S51: =IF(47>MAX($N$16:$N$5015),"",INDEX($F$16:$F$5015,MATCH((MAX($N$16:$N$5015)-47+1),$N$16:$N$5015,0))) | T51: =IF(47>MAX($N$16:$N$5015),"",IF(47>MAX($N$16:$N$5015),"",INDEX($G$16:$G$5015,MATCH((MAX($N$16:$N$5015)-47+1),$N$16:$N$5015,0)))&" › "&IF(47>MAX($N$16:$N$5015),"",INDEX($H$16:$H$5015,MATCH((MAX($N$16:$N$5015)-47+1),$N$16:$N$5015,0)))&" › "&IF(47>MAX($N$16:$N$5015),"",INDEX($I$16:$I$5015,MATCH((MAX($N$16:$N$5015)-47+1),$N$16:$N$5015,0)))) | U51: =IF(47>MAX($N$16:$N$5015),"",INDEX($J$16:$J$5015,MATCH((MAX($N$16:$N$5015)-47+1),$N$16:$N$5015,0)))&IF(IF(47>MAX($N$16:$N$5015),"",INDEX($L$16:$L$5015,MATCH((MAX($N$16:$N$5015)-47+1),$N$16:$N$5015,0)))="",""," ["&IF(47>MAX($N$16:$N$5015),"",INDEX($L$16:$L$5015,MATCH((MAX($N$16:$N$5015)-47+1),$N$16:$N$5015,0)))&"]") | V51: =IF(47>MAX($N$16:$N$5015),"",HYPERLINK("#Transaksi!B"&(MATCH((MAX($N$16:$N$5015)-47+1),$N$16:$N$5015,0)+15),"Buka")) | X51: =IF(AND(B51<>"",B51>='Buku Akun'!$H$4,B51<='Buku Akun'!$H$5,OR(C51='Buku Akun'!$C$4,AND(D51="Pindah",E51='Buku Akun'!$C$4))),B51+IF(AND(I51="Selisih bunga",DAY(B51)=1),0,0.01)+ROW()/10000000,"")
A52: =IF(B52="","",ROW()-15) | M52: =IF(AND(B52<>"",OR($C$4="",ISNUMBER(SEARCH($C$4,C52&" "&E52&" "&G52&" "&H52&" "&I52&" "&J52&" "&K52&" "&L52))),OR($C$5="Semua",$C$5="",G52=$C$5),OR($C$6="Semua",$C$6="",H52=$C$6,H52="Pengeluaran "&$C$6,AND($C$6="Uang Kos Mama",H52="Pengeluaran Uang Kos")),OR($C$7="Semua",$C$7="",I52=$C$7),OR($C$8="Semua",$C$8="",C52=$C$8,E52=$C$8),OR($C$9="Semua",$C$9="",D52=$C$9),OR($C$10="",B52>=$C$10),OR($C$11="",B52<=$C$11),OR($C$12<>"Ya",K52<>""),OR($C$13="Semua",$C$13="",L52=$C$13)),"✓","") | N52: =N(N51)+IF(M52="✓",1,0) | O52: =N(O51)+IF(AND(B52<>"",B52>='Uang Riba'!$H$30,B52<='Uang Riba'!$I$30,OR(H52="Dana riba",H52="Pinjam uang riba",I52="Pinjam dari uang riba",I52="Ganti uang riba",I52="Kelebihan ganti dikembalikan",AND(C52="Kantong Uang Riba",G52="Pengeluaran"))),1,0) | P52: =IF(48>MAX($N$16:$N$5015),"",INDEX($B$16:$B$5015,MATCH((MAX($N$16:$N$5015)-48+1),$N$16:$N$5015,0))) | Q52: =IF(48>MAX($N$16:$N$5015),"",INDEX($C$16:$C$5015,MATCH((MAX($N$16:$N$5015)-48+1),$N$16:$N$5015,0)))&IF(IF(48>MAX($N$16:$N$5015),"",INDEX($E$16:$E$5015,MATCH((MAX($N$16:$N$5015)-48+1),$N$16:$N$5015,0)))="",""," → "&IF(48>MAX($N$16:$N$5015),"",INDEX($E$16:$E$5015,MATCH((MAX($N$16:$N$5015)-48+1),$N$16:$N$5015,0)))) | R52: =IF(48>MAX($N$16:$N$5015),"",INDEX($D$16:$D$5015,MATCH((MAX($N$16:$N$5015)-48+1),$N$16:$N$5015,0))) | S52: =IF(48>MAX($N$16:$N$5015),"",INDEX($F$16:$F$5015,MATCH((MAX($N$16:$N$5015)-48+1),$N$16:$N$5015,0))) | T52: =IF(48>MAX($N$16:$N$5015),"",IF(48>MAX($N$16:$N$5015),"",INDEX($G$16:$G$5015,MATCH((MAX($N$16:$N$5015)-48+1),$N$16:$N$5015,0)))&" › "&IF(48>MAX($N$16:$N$5015),"",INDEX($H$16:$H$5015,MATCH((MAX($N$16:$N$5015)-48+1),$N$16:$N$5015,0)))&" › "&IF(48>MAX($N$16:$N$5015),"",INDEX($I$16:$I$5015,MATCH((MAX($N$16:$N$5015)-48+1),$N$16:$N$5015,0)))) | U52: =IF(48>MAX($N$16:$N$5015),"",INDEX($J$16:$J$5015,MATCH((MAX($N$16:$N$5015)-48+1),$N$16:$N$5015,0)))&IF(IF(48>MAX($N$16:$N$5015),"",INDEX($L$16:$L$5015,MATCH((MAX($N$16:$N$5015)-48+1),$N$16:$N$5015,0)))="",""," ["&IF(48>MAX($N$16:$N$5015),"",INDEX($L$16:$L$5015,MATCH((MAX($N$16:$N$5015)-48+1),$N$16:$N$5015,0)))&"]") | V52: =IF(48>MAX($N$16:$N$5015),"",HYPERLINK("#Transaksi!B"&(MATCH((MAX($N$16:$N$5015)-48+1),$N$16:$N$5015,0)+15),"Buka")) | X52: =IF(AND(B52<>"",B52>='Buku Akun'!$H$4,B52<='Buku Akun'!$H$5,OR(C52='Buku Akun'!$C$4,AND(D52="Pindah",E52='Buku Akun'!$C$4))),B52+IF(AND(I52="Selisih bunga",DAY(B52)=1),0,0.01)+ROW()/10000000,"")
A53: =IF(B53="","",ROW()-15) | M53: =IF(AND(B53<>"",OR($C$4="",ISNUMBER(SEARCH($C$4,C53&" "&E53&" "&G53&" "&H53&" "&I53&" "&J53&" "&K53&" "&L53))),OR($C$5="Semua",$C$5="",G53=$C$5),OR($C$6="Semua",$C$6="",H53=$C$6,H53="Pengeluaran "&$C$6,AND($C$6="Uang Kos Mama",H53="Pengeluaran Uang Kos")),OR($C$7="Semua",$C$7="",I53=$C$7),OR($C$8="Semua",$C$8="",C53=$C$8,E53=$C$8),OR($C$9="Semua",$C$9="",D53=$C$9),OR($C$10="",B53>=$C$10),OR($C$11="",B53<=$C$11),OR($C$12<>"Ya",K53<>""),OR($C$13="Semua",$C$13="",L53=$C$13)),"✓","") | N53: =N(N52)+IF(M53="✓",1,0) | O53: =N(O52)+IF(AND(B53<>"",B53>='Uang Riba'!$H$30,B53<='Uang Riba'!$I$30,OR(H53="Dana riba",H53="Pinjam uang riba",I53="Pinjam dari uang riba",I53="Ganti uang riba",I53="Kelebihan ganti dikembalikan",AND(C53="Kantong Uang Riba",G53="Pengeluaran"))),1,0) | P53: =IF(49>MAX($N$16:$N$5015),"",INDEX($B$16:$B$5015,MATCH((MAX($N$16:$N$5015)-49+1),$N$16:$N$5015,0))) | Q53: =IF(49>MAX($N$16:$N$5015),"",INDEX($C$16:$C$5015,MATCH((MAX($N$16:$N$5015)-49+1),$N$16:$N$5015,0)))&IF(IF(49>MAX($N$16:$N$5015),"",INDEX($E$16:$E$5015,MATCH((MAX($N$16:$N$5015)-49+1),$N$16:$N$5015,0)))="",""," → "&IF(49>MAX($N$16:$N$5015),"",INDEX($E$16:$E$5015,MATCH((MAX($N$16:$N$5015)-49+1),$N$16:$N$5015,0)))) | R53: =IF(49>MAX($N$16:$N$5015),"",INDEX($D$16:$D$5015,MATCH((MAX($N$16:$N$5015)-49+1),$N$16:$N$5015,0))) | S53: =IF(49>MAX($N$16:$N$5015),"",INDEX($F$16:$F$5015,MATCH((MAX($N$16:$N$5015)-49+1),$N$16:$N$5015,0))) | T53: =IF(49>MAX($N$16:$N$5015),"",IF(49>MAX($N$16:$N$5015),"",INDEX($G$16:$G$5015,MATCH((MAX($N$16:$N$5015)-49+1),$N$16:$N$5015,0)))&" › "&IF(49>MAX($N$16:$N$5015),"",INDEX($H$16:$H$5015,MATCH((MAX($N$16:$N$5015)-49+1),$N$16:$N$5015,0)))&" › "&IF(49>MAX($N$16:$N$5015),"",INDEX($I$16:$I$5015,MATCH((MAX($N$16:$N$5015)-49+1),$N$16:$N$5015,0)))) | U53: =IF(49>MAX($N$16:$N$5015),"",INDEX($J$16:$J$5015,MATCH((MAX($N$16:$N$5015)-49+1),$N$16:$N$5015,0)))&IF(IF(49>MAX($N$16:$N$5015),"",INDEX($L$16:$L$5015,MATCH((MAX($N$16:$N$5015)-49+1),$N$16:$N$5015,0)))="",""," ["&IF(49>MAX($N$16:$N$5015),"",INDEX($L$16:$L$5015,MATCH((MAX($N$16:$N$5015)-49+1),$N$16:$N$5015,0)))&"]") | V53: =IF(49>MAX($N$16:$N$5015),"",HYPERLINK("#Transaksi!B"&(MATCH((MAX($N$16:$N$5015)-49+1),$N$16:$N$5015,0)+15),"Buka")) | X53: =IF(AND(B53<>"",B53>='Buku Akun'!$H$4,B53<='Buku Akun'!$H$5,OR(C53='Buku Akun'!$C$4,AND(D53="Pindah",E53='Buku Akun'!$C$4))),B53+IF(AND(I53="Selisih bunga",DAY(B53)=1),0,0.01)+ROW()/10000000,"")
A54: =IF(B54="","",ROW()-15) | M54: =IF(AND(B54<>"",OR($C$4="",ISNUMBER(SEARCH($C$4,C54&" "&E54&" "&G54&" "&H54&" "&I54&" "&J54&" "&K54&" "&L54))),OR($C$5="Semua",$C$5="",G54=$C$5),OR($C$6="Semua",$C$6="",H54=$C$6,H54="Pengeluaran "&$C$6,AND($C$6="Uang Kos Mama",H54="Pengeluaran Uang Kos")),OR($C$7="Semua",$C$7="",I54=$C$7),OR($C$8="Semua",$C$8="",C54=$C$8,E54=$C$8),OR($C$9="Semua",$C$9="",D54=$C$9),OR($C$10="",B54>=$C$10),OR($C$11="",B54<=$C$11),OR($C$12<>"Ya",K54<>""),OR($C$13="Semua",$C$13="",L54=$C$13)),"✓","") | N54: =N(N53)+IF(M54="✓",1,0) | O54: =N(O53)+IF(AND(B54<>"",B54>='Uang Riba'!$H$30,B54<='Uang Riba'!$I$30,OR(H54="Dana riba",H54="Pinjam uang riba",I54="Pinjam dari uang riba",I54="Ganti uang riba",I54="Kelebihan ganti dikembalikan",AND(C54="Kantong Uang Riba",G54="Pengeluaran"))),1,0) | P54: =IF(50>MAX($N$16:$N$5015),"",INDEX($B$16:$B$5015,MATCH((MAX($N$16:$N$5015)-50+1),$N$16:$N$5015,0))) | Q54: =IF(50>MAX($N$16:$N$5015),"",INDEX($C$16:$C$5015,MATCH((MAX($N$16:$N$5015)-50+1),$N$16:$N$5015,0)))&IF(IF(50>MAX($N$16:$N$5015),"",INDEX($E$16:$E$5015,MATCH((MAX($N$16:$N$5015)-50+1),$N$16:$N$5015,0)))="",""," → "&IF(50>MAX($N$16:$N$5015),"",INDEX($E$16:$E$5015,MATCH((MAX($N$16:$N$5015)-50+1),$N$16:$N$5015,0)))) | R54: =IF(50>MAX($N$16:$N$5015),"",INDEX($D$16:$D$5015,MATCH((MAX($N$16:$N$5015)-50+1),$N$16:$N$5015,0))) | S54: =IF(50>MAX($N$16:$N$5015),"",INDEX($F$16:$F$5015,MATCH((MAX($N$16:$N$5015)-50+1),$N$16:$N$5015,0))) | T54: =IF(50>MAX($N$16:$N$5015),"",IF(50>MAX($N$16:$N$5015),"",INDEX($G$16:$G$5015,MATCH((MAX($N$16:$N$5015)-50+1),$N$16:$N$5015,0)))&" › "&IF(50>MAX($N$16:$N$5015),"",INDEX($H$16:$H$5015,MATCH((MAX($N$16:$N$5015)-50+1),$N$16:$N$5015,0)))&" › "&IF(50>MAX($N$16:$N$5015),"",INDEX($I$16:$I$5015,MATCH((MAX($N$16:$N$5015)-50+1),$N$16:$N$5015,0)))) | U54: =IF(50>MAX($N$16:$N$5015),"",INDEX($J$16:$J$5015,MATCH((MAX($N$16:$N$5015)-50+1),$N$16:$N$5015,0)))&IF(IF(50>MAX($N$16:$N$5015),"",INDEX($L$16:$L$5015,MATCH((MAX($N$16:$N$5015)-50+1),$N$16:$N$5015,0)))="",""," ["&IF(50>MAX($N$16:$N$5015),"",INDEX($L$16:$L$5015,MATCH((MAX($N$16:$N$5015)-50+1),$N$16:$N$5015,0)))&"]") | V54: =IF(50>MAX($N$16:$N$5015),"",HYPERLINK("#Transaksi!B"&(MATCH((MAX($N$16:$N$5015)-50+1),$N$16:$N$5015,0)+15),"Buka")) | X54: =IF(AND(B54<>"",B54>='Buku Akun'!$H$4,B54<='Buku Akun'!$H$5,OR(C54='Buku Akun'!$C$4,AND(D54="Pindah",E54='Buku Akun'!$C$4))),B54+IF(AND(I54="Selisih bunga",DAY(B54)=1),0,0.01)+ROW()/10000000,"")
A55: =IF(B55="","",ROW()-15) | M55: =IF(AND(B55<>"",OR($C$4="",ISNUMBER(SEARCH($C$4,C55&" "&E55&" "&G55&" "&H55&" "&I55&" "&J55&" "&K55&" "&L55))),OR($C$5="Semua",$C$5="",G55=$C$5),OR($C$6="Semua",$C$6="",H55=$C$6,H55="Pengeluaran "&$C$6,AND($C$6="Uang Kos Mama",H55="Pengeluaran Uang Kos")),OR($C$7="Semua",$C$7="",I55=$C$7),OR($C$8="Semua",$C$8="",C55=$C$8,E55=$C$8),OR($C$9="Semua",$C$9="",D55=$C$9),OR($C$10="",B55>=$C$10),OR($C$11="",B55<=$C$11),OR($C$12<>"Ya",K55<>""),OR($C$13="Semua",$C$13="",L55=$C$13)),"✓","") | N55: =N(N54)+IF(M55="✓",1,0) | O55: =N(O54)+IF(AND(B55<>"",B55>='Uang Riba'!$H$30,B55<='Uang Riba'!$I$30,OR(H55="Dana riba",H55="Pinjam uang riba",I55="Pinjam dari uang riba",I55="Ganti uang riba",I55="Kelebihan ganti dikembalikan",AND(C55="Kantong Uang Riba",G55="Pengeluaran"))),1,0) | P55: =IF(51>MAX($N$16:$N$5015),"",INDEX($B$16:$B$5015,MATCH((MAX($N$16:$N$5015)-51+1),$N$16:$N$5015,0))) | Q55: =IF(51>MAX($N$16:$N$5015),"",INDEX($C$16:$C$5015,MATCH((MAX($N$16:$N$5015)-51+1),$N$16:$N$5015,0)))&IF(IF(51>MAX($N$16:$N$5015),"",INDEX($E$16:$E$5015,MATCH((MAX($N$16:$N$5015)-51+1),$N$16:$N$5015,0)))="",""," → "&IF(51>MAX($N$16:$N$5015),"",INDEX($E$16:$E$5015,MATCH((MAX($N$16:$N$5015)-51+1),$N$16:$N$5015,0)))) | R55: =IF(51>MAX($N$16:$N$5015),"",INDEX($D$16:$D$5015,MATCH((MAX($N$16:$N$5015)-51+1),$N$16:$N$5015,0))) | S55: =IF(51>MAX($N$16:$N$5015),"",INDEX($F$16:$F$5015,MATCH((MAX($N$16:$N$5015)-51+1),$N$16:$N$5015,0))) | T55: =IF(51>MAX($N$16:$N$5015),"",IF(51>MAX($N$16:$N$5015),"",INDEX($G$16:$G$5015,MATCH((MAX($N$16:$N$5015)-51+1),$N$16:$N$5015,0)))&" › "&IF(51>MAX($N$16:$N$5015),"",INDEX($H$16:$H$5015,MATCH((MAX($N$16:$N$5015)-51+1),$N$16:$N$5015,0)))&" › "&IF(51>MAX($N$16:$N$5015),"",INDEX($I$16:$I$5015,MATCH((MAX($N$16:$N$5015)-51+1),$N$16:$N$5015,0)))) | U55: =IF(51>MAX($N$16:$N$5015),"",INDEX($J$16:$J$5015,MATCH((MAX($N$16:$N$5015)-51+1),$N$16:$N$5015,0)))&IF(IF(51>MAX($N$16:$N$5015),"",INDEX($L$16:$L$5015,MATCH((MAX($N$16:$N$5015)-51+1),$N$16:$N$5015,0)))="",""," ["&IF(51>MAX($N$16:$N$5015),"",INDEX($L$16:$L$5015,MATCH((MAX($N$16:$N$5015)-51+1),$N$16:$N$5015,0)))&"]") | V55: =IF(51>MAX($N$16:$N$5015),"",HYPERLINK("#Transaksi!B"&(MATCH((MAX($N$16:$N$5015)-51+1),$N$16:$N$5015,0)+15),"Buka")) | X55: =IF(AND(B55<>"",B55>='Buku Akun'!$H$4,B55<='Buku Akun'!$H$5,OR(C55='Buku Akun'!$C$4,AND(D55="Pindah",E55='Buku Akun'!$C$4))),B55+IF(AND(I55="Selisih bunga",DAY(B55)=1),0,0.01)+ROW()/10000000,"")
A56: =IF(B56="","",ROW()-15) | M56: =IF(AND(B56<>"",OR($C$4="",ISNUMBER(SEARCH($C$4,C56&" "&E56&" "&G56&" "&H56&" "&I56&" "&J56&" "&K56&" "&L56))),OR($C$5="Semua",$C$5="",G56=$C$5),OR($C$6="Semua",$C$6="",H56=$C$6,H56="Pengeluaran "&$C$6,AND($C$6="Uang Kos Mama",H56="Pengeluaran Uang Kos")),OR($C$7="Semua",$C$7="",I56=$C$7),OR($C$8="Semua",$C$8="",C56=$C$8,E56=$C$8),OR($C$9="Semua",$C$9="",D56=$C$9),OR($C$10="",B56>=$C$10),OR($C$11="",B56<=$C$11),OR($C$12<>"Ya",K56<>""),OR($C$13="Semua",$C$13="",L56=$C$13)),"✓","") | N56: =N(N55)+IF(M56="✓",1,0) | O56: =N(O55)+IF(AND(B56<>"",B56>='Uang Riba'!$H$30,B56<='Uang Riba'!$I$30,OR(H56="Dana riba",H56="Pinjam uang riba",I56="Pinjam dari uang riba",I56="Ganti uang riba",I56="Kelebihan ganti dikembalikan",AND(C56="Kantong Uang Riba",G56="Pengeluaran"))),1,0) | P56: =IF(52>MAX($N$16:$N$5015),"",INDEX($B$16:$B$5015,MATCH((MAX($N$16:$N$5015)-52+1),$N$16:$N$5015,0))) | Q56: =IF(52>MAX($N$16:$N$5015),"",INDEX($C$16:$C$5015,MATCH((MAX($N$16:$N$5015)-52+1),$N$16:$N$5015,0)))&IF(IF(52>MAX($N$16:$N$5015),"",INDEX($E$16:$E$5015,MATCH((MAX($N$16:$N$5015)-52+1),$N$16:$N$5015,0)))="",""," → "&IF(52>MAX($N$16:$N$5015),"",INDEX($E$16:$E$5015,MATCH((MAX($N$16:$N$5015)-52+1),$N$16:$N$5015,0)))) | R56: =IF(52>MAX($N$16:$N$5015),"",INDEX($D$16:$D$5015,MATCH((MAX($N$16:$N$5015)-52+1),$N$16:$N$5015,0))) | S56: =IF(52>MAX($N$16:$N$5015),"",INDEX($F$16:$F$5015,MATCH((MAX($N$16:$N$5015)-52+1),$N$16:$N$5015,0))) | T56: =IF(52>MAX($N$16:$N$5015),"",IF(52>MAX($N$16:$N$5015),"",INDEX($G$16:$G$5015,MATCH((MAX($N$16:$N$5015)-52+1),$N$16:$N$5015,0)))&" › "&IF(52>MAX($N$16:$N$5015),"",INDEX($H$16:$H$5015,MATCH((MAX($N$16:$N$5015)-52+1),$N$16:$N$5015,0)))&" › "&IF(52>MAX($N$16:$N$5015),"",INDEX($I$16:$I$5015,MATCH((MAX($N$16:$N$5015)-52+1),$N$16:$N$5015,0)))) | U56: =IF(52>MAX($N$16:$N$5015),"",INDEX($J$16:$J$5015,MATCH((MAX($N$16:$N$5015)-52+1),$N$16:$N$5015,0)))&IF(IF(52>MAX($N$16:$N$5015),"",INDEX($L$16:$L$5015,MATCH((MAX($N$16:$N$5015)-52+1),$N$16:$N$5015,0)))="",""," ["&IF(52>MAX($N$16:$N$5015),"",INDEX($L$16:$L$5015,MATCH((MAX($N$16:$N$5015)-52+1),$N$16:$N$5015,0)))&"]") | V56: =IF(52>MAX($N$16:$N$5015),"",HYPERLINK("#Transaksi!B"&(MATCH((MAX($N$16:$N$5015)-52+1),$N$16:$N$5015,0)+15),"Buka")) | X56: =IF(AND(B56<>"",B56>='Buku Akun'!$H$4,B56<='Buku Akun'!$H$5,OR(C56='Buku Akun'!$C$4,AND(D56="Pindah",E56='Buku Akun'!$C$4))),B56+IF(AND(I56="Selisih bunga",DAY(B56)=1),0,0.01)+ROW()/10000000,"")
A57: =IF(B57="","",ROW()-15) | M57: =IF(AND(B57<>"",OR($C$4="",ISNUMBER(SEARCH($C$4,C57&" "&E57&" "&G57&" "&H57&" "&I57&" "&J57&" "&K57&" "&L57))),OR($C$5="Semua",$C$5="",G57=$C$5),OR($C$6="Semua",$C$6="",H57=$C$6,H57="Pengeluaran "&$C$6,AND($C$6="Uang Kos Mama",H57="Pengeluaran Uang Kos")),OR($C$7="Semua",$C$7="",I57=$C$7),OR($C$8="Semua",$C$8="",C57=$C$8,E57=$C$8),OR($C$9="Semua",$C$9="",D57=$C$9),OR($C$10="",B57>=$C$10),OR($C$11="",B57<=$C$11),OR($C$12<>"Ya",K57<>""),OR($C$13="Semua",$C$13="",L57=$C$13)),"✓","") | N57: =N(N56)+IF(M57="✓",1,0) | O57: =N(O56)+IF(AND(B57<>"",B57>='Uang Riba'!$H$30,B57<='Uang Riba'!$I$30,OR(H57="Dana riba",H57="Pinjam uang riba",I57="Pinjam dari uang riba",I57="Ganti uang riba",I57="Kelebihan ganti dikembalikan",AND(C57="Kantong Uang Riba",G57="Pengeluaran"))),1,0) | P57: =IF(53>MAX($N$16:$N$5015),"",INDEX($B$16:$B$5015,MATCH((MAX($N$16:$N$5015)-53+1),$N$16:$N$5015,0))) | Q57: =IF(53>MAX($N$16:$N$5015),"",INDEX($C$16:$C$5015,MATCH((MAX($N$16:$N$5015)-53+1),$N$16:$N$5015,0)))&IF(IF(53>MAX($N$16:$N$5015),"",INDEX($E$16:$E$5015,MATCH((MAX($N$16:$N$5015)-53+1),$N$16:$N$5015,0)))="",""," → "&IF(53>MAX($N$16:$N$5015),"",INDEX($E$16:$E$5015,MATCH((MAX($N$16:$N$5015)-53+1),$N$16:$N$5015,0)))) | R57: =IF(53>MAX($N$16:$N$5015),"",INDEX($D$16:$D$5015,MATCH((MAX($N$16:$N$5015)-53+1),$N$16:$N$5015,0))) | S57: =IF(53>MAX($N$16:$N$5015),"",INDEX($F$16:$F$5015,MATCH((MAX($N$16:$N$5015)-53+1),$N$16:$N$5015,0))) | T57: =IF(53>MAX($N$16:$N$5015),"",IF(53>MAX($N$16:$N$5015),"",INDEX($G$16:$G$5015,MATCH((MAX($N$16:$N$5015)-53+1),$N$16:$N$5015,0)))&" › "&IF(53>MAX($N$16:$N$5015),"",INDEX($H$16:$H$5015,MATCH((MAX($N$16:$N$5015)-53+1),$N$16:$N$5015,0)))&" › "&IF(53>MAX($N$16:$N$5015),"",INDEX($I$16:$I$5015,MATCH((MAX($N$16:$N$5015)-53+1),$N$16:$N$5015,0)))) | U57: =IF(53>MAX($N$16:$N$5015),"",INDEX($J$16:$J$5015,MATCH((MAX($N$16:$N$5015)-53+1),$N$16:$N$5015,0)))&IF(IF(53>MAX($N$16:$N$5015),"",INDEX($L$16:$L$5015,MATCH((MAX($N$16:$N$5015)-53+1),$N$16:$N$5015,0)))="",""," ["&IF(53>MAX($N$16:$N$5015),"",INDEX($L$16:$L$5015,MATCH((MAX($N$16:$N$5015)-53+1),$N$16:$N$5015,0)))&"]") | V57: =IF(53>MAX($N$16:$N$5015),"",HYPERLINK("#Transaksi!B"&(MATCH((MAX($N$16:$N$5015)-53+1),$N$16:$N$5015,0)+15),"Buka")) | X57: =IF(AND(B57<>"",B57>='Buku Akun'!$H$4,B57<='Buku Akun'!$H$5,OR(C57='Buku Akun'!$C$4,AND(D57="Pindah",E57='Buku Akun'!$C$4))),B57+IF(AND(I57="Selisih bunga",DAY(B57)=1),0,0.01)+ROW()/10000000,"")
A58: =IF(B58="","",ROW()-15) | M58: =IF(AND(B58<>"",OR($C$4="",ISNUMBER(SEARCH($C$4,C58&" "&E58&" "&G58&" "&H58&" "&I58&" "&J58&" "&K58&" "&L58))),OR($C$5="Semua",$C$5="",G58=$C$5),OR($C$6="Semua",$C$6="",H58=$C$6,H58="Pengeluaran "&$C$6,AND($C$6="Uang Kos Mama",H58="Pengeluaran Uang Kos")),OR($C$7="Semua",$C$7="",I58=$C$7),OR($C$8="Semua",$C$8="",C58=$C$8,E58=$C$8),OR($C$9="Semua",$C$9="",D58=$C$9),OR($C$10="",B58>=$C$10),OR($C$11="",B58<=$C$11),OR($C$12<>"Ya",K58<>""),OR($C$13="Semua",$C$13="",L58=$C$13)),"✓","") | N58: =N(N57)+IF(M58="✓",1,0) | O58: =N(O57)+IF(AND(B58<>"",B58>='Uang Riba'!$H$30,B58<='Uang Riba'!$I$30,OR(H58="Dana riba",H58="Pinjam uang riba",I58="Pinjam dari uang riba",I58="Ganti uang riba",I58="Kelebihan ganti dikembalikan",AND(C58="Kantong Uang Riba",G58="Pengeluaran"))),1,0) | P58: =IF(54>MAX($N$16:$N$5015),"",INDEX($B$16:$B$5015,MATCH((MAX($N$16:$N$5015)-54+1),$N$16:$N$5015,0))) | Q58: =IF(54>MAX($N$16:$N$5015),"",INDEX($C$16:$C$5015,MATCH((MAX($N$16:$N$5015)-54+1),$N$16:$N$5015,0)))&IF(IF(54>MAX($N$16:$N$5015),"",INDEX($E$16:$E$5015,MATCH((MAX($N$16:$N$5015)-54+1),$N$16:$N$5015,0)))="",""," → "&IF(54>MAX($N$16:$N$5015),"",INDEX($E$16:$E$5015,MATCH((MAX($N$16:$N$5015)-54+1),$N$16:$N$5015,0)))) | R58: =IF(54>MAX($N$16:$N$5015),"",INDEX($D$16:$D$5015,MATCH((MAX($N$16:$N$5015)-54+1),$N$16:$N$5015,0))) | S58: =IF(54>MAX($N$16:$N$5015),"",INDEX($F$16:$F$5015,MATCH((MAX($N$16:$N$5015)-54+1),$N$16:$N$5015,0))) | T58: =IF(54>MAX($N$16:$N$5015),"",IF(54>MAX($N$16:$N$5015),"",INDEX($G$16:$G$5015,MATCH((MAX($N$16:$N$5015)-54+1),$N$16:$N$5015,0)))&" › "&IF(54>MAX($N$16:$N$5015),"",INDEX($H$16:$H$5015,MATCH((MAX($N$16:$N$5015)-54+1),$N$16:$N$5015,0)))&" › "&IF(54>MAX($N$16:$N$5015),"",INDEX($I$16:$I$5015,MATCH((MAX($N$16:$N$5015)-54+1),$N$16:$N$5015,0)))) | U58: =IF(54>MAX($N$16:$N$5015),"",INDEX($J$16:$J$5015,MATCH((MAX($N$16:$N$5015)-54+1),$N$16:$N$5015,0)))&IF(IF(54>MAX($N$16:$N$5015),"",INDEX($L$16:$L$5015,MATCH((MAX($N$16:$N$5015)-54+1),$N$16:$N$5015,0)))="",""," ["&IF(54>MAX($N$16:$N$5015),"",INDEX($L$16:$L$5015,MATCH((MAX($N$16:$N$5015)-54+1),$N$16:$N$5015,0)))&"]") | V58: =IF(54>MAX($N$16:$N$5015),"",HYPERLINK("#Transaksi!B"&(MATCH((MAX($N$16:$N$5015)-54+1),$N$16:$N$5015,0)+15),"Buka")) | X58: =IF(AND(B58<>"",B58>='Buku Akun'!$H$4,B58<='Buku Akun'!$H$5,OR(C58='Buku Akun'!$C$4,AND(D58="Pindah",E58='Buku Akun'!$C$4))),B58+IF(AND(I58="Selisih bunga",DAY(B58)=1),0,0.01)+ROW()/10000000,"")
A59: =IF(B59="","",ROW()-15) | M59: =IF(AND(B59<>"",OR($C$4="",ISNUMBER(SEARCH($C$4,C59&" "&E59&" "&G59&" "&H59&" "&I59&" "&J59&" "&K59&" "&L59))),OR($C$5="Semua",$C$5="",G59=$C$5),OR($C$6="Semua",$C$6="",H59=$C$6,H59="Pengeluaran "&$C$6,AND($C$6="Uang Kos Mama",H59="Pengeluaran Uang Kos")),OR($C$7="Semua",$C$7="",I59=$C$7),OR($C$8="Semua",$C$8="",C59=$C$8,E59=$C$8),OR($C$9="Semua",$C$9="",D59=$C$9),OR($C$10="",B59>=$C$10),OR($C$11="",B59<=$C$11),OR($C$12<>"Ya",K59<>""),OR($C$13="Semua",$C$13="",L59=$C$13)),"✓","") | N59: =N(N58)+IF(M59="✓",1,0) | O59: =N(O58)+IF(AND(B59<>"",B59>='Uang Riba'!$H$30,B59<='Uang Riba'!$I$30,OR(H59="Dana riba",H59="Pinjam uang riba",I59="Pinjam dari uang riba",I59="Ganti uang riba",I59="Kelebihan ganti dikembalikan",AND(C59="Kantong Uang Riba",G59="Pengeluaran"))),1,0) | P59: =IF(55>MAX($N$16:$N$5015),"",INDEX($B$16:$B$5015,MATCH((MAX($N$16:$N$5015)-55+1),$N$16:$N$5015,0))) | Q59: =IF(55>MAX($N$16:$N$5015),"",INDEX($C$16:$C$5015,MATCH((MAX($N$16:$N$5015)-55+1),$N$16:$N$5015,0)))&IF(IF(55>MAX($N$16:$N$5015),"",INDEX($E$16:$E$5015,MATCH((MAX($N$16:$N$5015)-55+1),$N$16:$N$5015,0)))="",""," → "&IF(55>MAX($N$16:$N$5015),"",INDEX($E$16:$E$5015,MATCH((MAX($N$16:$N$5015)-55+1),$N$16:$N$5015,0)))) | R59: =IF(55>MAX($N$16:$N$5015),"",INDEX($D$16:$D$5015,MATCH((MAX($N$16:$N$5015)-55+1),$N$16:$N$5015,0))) | S59: =IF(55>MAX($N$16:$N$5015),"",INDEX($F$16:$F$5015,MATCH((MAX($N$16:$N$5015)-55+1),$N$16:$N$5015,0))) | T59: =IF(55>MAX($N$16:$N$5015),"",IF(55>MAX($N$16:$N$5015),"",INDEX($G$16:$G$5015,MATCH((MAX($N$16:$N$5015)-55+1),$N$16:$N$5015,0)))&" › "&IF(55>MAX($N$16:$N$5015),"",INDEX($H$16:$H$5015,MATCH((MAX($N$16:$N$5015)-55+1),$N$16:$N$5015,0)))&" › "&IF(55>MAX($N$16:$N$5015),"",INDEX($I$16:$I$5015,MATCH((MAX($N$16:$N$5015)-55+1),$N$16:$N$5015,0)))) | U59: =IF(55>MAX($N$16:$N$5015),"",INDEX($J$16:$J$5015,MATCH((MAX($N$16:$N$5015)-55+1),$N$16:$N$5015,0)))&IF(IF(55>MAX($N$16:$N$5015),"",INDEX($L$16:$L$5015,MATCH((MAX($N$16:$N$5015)-55+1),$N$16:$N$5015,0)))="",""," ["&IF(55>MAX($N$16:$N$5015),"",INDEX($L$16:$L$5015,MATCH((MAX($N$16:$N$5015)-55+1),$N$16:$N$5015,0)))&"]") | V59: =IF(55>MAX($N$16:$N$5015),"",HYPERLINK("#Transaksi!B"&(MATCH((MAX($N$16:$N$5015)-55+1),$N$16:$N$5015,0)+15),"Buka")) | X59: =IF(AND(B59<>"",B59>='Buku Akun'!$H$4,B59<='Buku Akun'!$H$5,OR(C59='Buku Akun'!$C$4,AND(D59="Pindah",E59='Buku Akun'!$C$4))),B59+IF(AND(I59="Selisih bunga",DAY(B59)=1),0,0.01)+ROW()/10000000,"")
A60: =IF(B60="","",ROW()-15) | M60: =IF(AND(B60<>"",OR($C$4="",ISNUMBER(SEARCH($C$4,C60&" "&E60&" "&G60&" "&H60&" "&I60&" "&J60&" "&K60&" "&L60))),OR($C$5="Semua",$C$5="",G60=$C$5),OR($C$6="Semua",$C$6="",H60=$C$6,H60="Pengeluaran "&$C$6,AND($C$6="Uang Kos Mama",H60="Pengeluaran Uang Kos")),OR($C$7="Semua",$C$7="",I60=$C$7),OR($C$8="Semua",$C$8="",C60=$C$8,E60=$C$8),OR($C$9="Semua",$C$9="",D60=$C$9),OR($C$10="",B60>=$C$10),OR($C$11="",B60<=$C$11),OR($C$12<>"Ya",K60<>""),OR($C$13="Semua",$C$13="",L60=$C$13)),"✓","") | N60: =N(N59)+IF(M60="✓",1,0) | O60: =N(O59)+IF(AND(B60<>"",B60>='Uang Riba'!$H$30,B60<='Uang Riba'!$I$30,OR(H60="Dana riba",H60="Pinjam uang riba",I60="Pinjam dari uang riba",I60="Ganti uang riba",I60="Kelebihan ganti dikembalikan",AND(C60="Kantong Uang Riba",G60="Pengeluaran"))),1,0) | P60: =IF(56>MAX($N$16:$N$5015),"",INDEX($B$16:$B$5015,MATCH((MAX($N$16:$N$5015)-56+1),$N$16:$N$5015,0))) | Q60: =IF(56>MAX($N$16:$N$5015),"",INDEX($C$16:$C$5015,MATCH((MAX($N$16:$N$5015)-56+1),$N$16:$N$5015,0)))&IF(IF(56>MAX($N$16:$N$5015),"",INDEX($E$16:$E$5015,MATCH((MAX($N$16:$N$5015)-56+1),$N$16:$N$5015,0)))="",""," → "&IF(56>MAX($N$16:$N$5015),"",INDEX($E$16:$E$5015,MATCH((MAX($N$16:$N$5015)-56+1),$N$16:$N$5015,0)))) | R60: =IF(56>MAX($N$16:$N$5015),"",INDEX($D$16:$D$5015,MATCH((MAX($N$16:$N$5015)-56+1),$N$16:$N$5015,0))) | S60: =IF(56>MAX($N$16:$N$5015),"",INDEX($F$16:$F$5015,MATCH((MAX($N$16:$N$5015)-56+1),$N$16:$N$5015,0))) | T60: =IF(56>MAX($N$16:$N$5015),"",IF(56>MAX($N$16:$N$5015),"",INDEX($G$16:$G$5015,MATCH((MAX($N$16:$N$5015)-56+1),$N$16:$N$5015,0)))&" › "&IF(56>MAX($N$16:$N$5015),"",INDEX($H$16:$H$5015,MATCH((MAX($N$16:$N$5015)-56+1),$N$16:$N$5015,0)))&" › "&IF(56>MAX($N$16:$N$5015),"",INDEX($I$16:$I$5015,MATCH((MAX($N$16:$N$5015)-56+1),$N$16:$N$5015,0)))) | U60: =IF(56>MAX($N$16:$N$5015),"",INDEX($J$16:$J$5015,MATCH((MAX($N$16:$N$5015)-56+1),$N$16:$N$5015,0)))&IF(IF(56>MAX($N$16:$N$5015),"",INDEX($L$16:$L$5015,MATCH((MAX($N$16:$N$5015)-56+1),$N$16:$N$5015,0)))="",""," ["&IF(56>MAX($N$16:$N$5015),"",INDEX($L$16:$L$5015,MATCH((MAX($N$16:$N$5015)-56+1),$N$16:$N$5015,0)))&"]") | V60: =IF(56>MAX($N$16:$N$5015),"",HYPERLINK("#Transaksi!B"&(MATCH((MAX($N$16:$N$5015)-56+1),$N$16:$N$5015,0)+15),"Buka")) | X60: =IF(AND(B60<>"",B60>='Buku Akun'!$H$4,B60<='Buku Akun'!$H$5,OR(C60='Buku Akun'!$C$4,AND(D60="Pindah",E60='Buku Akun'!$C$4))),B60+IF(AND(I60="Selisih bunga",DAY(B60)=1),0,0.01)+ROW()/10000000,"")
A61: =IF(B61="","",ROW()-15) | M61: =IF(AND(B61<>"",OR($C$4="",ISNUMBER(SEARCH($C$4,C61&" "&E61&" "&G61&" "&H61&" "&I61&" "&J61&" "&K61&" "&L61))),OR($C$5="Semua",$C$5="",G61=$C$5),OR($C$6="Semua",$C$6="",H61=$C$6,H61="Pengeluaran "&$C$6,AND($C$6="Uang Kos Mama",H61="Pengeluaran Uang Kos")),OR($C$7="Semua",$C$7="",I61=$C$7),OR($C$8="Semua",$C$8="",C61=$C$8,E61=$C$8),OR($C$9="Semua",$C$9="",D61=$C$9),OR($C$10="",B61>=$C$10),OR($C$11="",B61<=$C$11),OR($C$12<>"Ya",K61<>""),OR($C$13="Semua",$C$13="",L61=$C$13)),"✓","") | N61: =N(N60)+IF(M61="✓",1,0) | O61: =N(O60)+IF(AND(B61<>"",B61>='Uang Riba'!$H$30,B61<='Uang Riba'!$I$30,OR(H61="Dana riba",H61="Pinjam uang riba",I61="Pinjam dari uang riba",I61="Ganti uang riba",I61="Kelebihan ganti dikembalikan",AND(C61="Kantong Uang Riba",G61="Pengeluaran"))),1,0) | P61: =IF(57>MAX($N$16:$N$5015),"",INDEX($B$16:$B$5015,MATCH((MAX($N$16:$N$5015)-57+1),$N$16:$N$5015,0))) | Q61: =IF(57>MAX($N$16:$N$5015),"",INDEX($C$16:$C$5015,MATCH((MAX($N$16:$N$5015)-57+1),$N$16:$N$5015,0)))&IF(IF(57>MAX($N$16:$N$5015),"",INDEX($E$16:$E$5015,MATCH((MAX($N$16:$N$5015)-57+1),$N$16:$N$5015,0)))="",""," → "&IF(57>MAX($N$16:$N$5015),"",INDEX($E$16:$E$5015,MATCH((MAX($N$16:$N$5015)-57+1),$N$16:$N$5015,0)))) | R61: =IF(57>MAX($N$16:$N$5015),"",INDEX($D$16:$D$5015,MATCH((MAX($N$16:$N$5015)-57+1),$N$16:$N$5015,0))) | S61: =IF(57>MAX($N$16:$N$5015),"",INDEX($F$16:$F$5015,MATCH((MAX($N$16:$N$5015)-57+1),$N$16:$N$5015,0))) | T61: =IF(57>MAX($N$16:$N$5015),"",IF(57>MAX($N$16:$N$5015),"",INDEX($G$16:$G$5015,MATCH((MAX($N$16:$N$5015)-57+1),$N$16:$N$5015,0)))&" › "&IF(57>MAX($N$16:$N$5015),"",INDEX($H$16:$H$5015,MATCH((MAX($N$16:$N$5015)-57+1),$N$16:$N$5015,0)))&" › "&IF(57>MAX($N$16:$N$5015),"",INDEX($I$16:$I$5015,MATCH((MAX($N$16:$N$5015)-57+1),$N$16:$N$5015,0)))) | U61: =IF(57>MAX($N$16:$N$5015),"",INDEX($J$16:$J$5015,MATCH((MAX($N$16:$N$5015)-57+1),$N$16:$N$5015,0)))&IF(IF(57>MAX($N$16:$N$5015),"",INDEX($L$16:$L$5015,MATCH((MAX($N$16:$N$5015)-57+1),$N$16:$N$5015,0)))="",""," ["&IF(57>MAX($N$16:$N$5015),"",INDEX($L$16:$L$5015,MATCH((MAX($N$16:$N$5015)-57+1),$N$16:$N$5015,0)))&"]") | V61: =IF(57>MAX($N$16:$N$5015),"",HYPERLINK("#Transaksi!B"&(MATCH((MAX($N$16:$N$5015)-57+1),$N$16:$N$5015,0)+15),"Buka")) | X61: =IF(AND(B61<>"",B61>='Buku Akun'!$H$4,B61<='Buku Akun'!$H$5,OR(C61='Buku Akun'!$C$4,AND(D61="Pindah",E61='Buku Akun'!$C$4))),B61+IF(AND(I61="Selisih bunga",DAY(B61)=1),0,0.01)+ROW()/10000000,"")
A62: =IF(B62="","",ROW()-15) | M62: =IF(AND(B62<>"",OR($C$4="",ISNUMBER(SEARCH($C$4,C62&" "&E62&" "&G62&" "&H62&" "&I62&" "&J62&" "&K62&" "&L62))),OR($C$5="Semua",$C$5="",G62=$C$5),OR($C$6="Semua",$C$6="",H62=$C$6,H62="Pengeluaran "&$C$6,AND($C$6="Uang Kos Mama",H62="Pengeluaran Uang Kos")),OR($C$7="Semua",$C$7="",I62=$C$7),OR($C$8="Semua",$C$8="",C62=$C$8,E62=$C$8),OR($C$9="Semua",$C$9="",D62=$C$9),OR($C$10="",B62>=$C$10),OR($C$11="",B62<=$C$11),OR($C$12<>"Ya",K62<>""),OR($C$13="Semua",$C$13="",L62=$C$13)),"✓","") | N62: =N(N61)+IF(M62="✓",1,0) | O62: =N(O61)+IF(AND(B62<>"",B62>='Uang Riba'!$H$30,B62<='Uang Riba'!$I$30,OR(H62="Dana riba",H62="Pinjam uang riba",I62="Pinjam dari uang riba",I62="Ganti uang riba",I62="Kelebihan ganti dikembalikan",AND(C62="Kantong Uang Riba",G62="Pengeluaran"))),1,0) | P62: =IF(58>MAX($N$16:$N$5015),"",INDEX($B$16:$B$5015,MATCH((MAX($N$16:$N$5015)-58+1),$N$16:$N$5015,0))) | Q62: =IF(58>MAX($N$16:$N$5015),"",INDEX($C$16:$C$5015,MATCH((MAX($N$16:$N$5015)-58+1),$N$16:$N$5015,0)))&IF(IF(58>MAX($N$16:$N$5015),"",INDEX($E$16:$E$5015,MATCH((MAX($N$16:$N$5015)-58+1),$N$16:$N$5015,0)))="",""," → "&IF(58>MAX($N$16:$N$5015),"",INDEX($E$16:$E$5015,MATCH((MAX($N$16:$N$5015)-58+1),$N$16:$N$5015,0)))) | R62: =IF(58>MAX($N$16:$N$5015),"",INDEX($D$16:$D$5015,MATCH((MAX($N$16:$N$5015)-58+1),$N$16:$N$5015,0))) | S62: =IF(58>MAX($N$16:$N$5015),"",INDEX($F$16:$F$5015,MATCH((MAX($N$16:$N$5015)-58+1),$N$16:$N$5015,0))) | T62: =IF(58>MAX($N$16:$N$5015),"",IF(58>MAX($N$16:$N$5015),"",INDEX($G$16:$G$5015,MATCH((MAX($N$16:$N$5015)-58+1),$N$16:$N$5015,0)))&" › "&IF(58>MAX($N$16:$N$5015),"",INDEX($H$16:$H$5015,MATCH((MAX($N$16:$N$5015)-58+1),$N$16:$N$5015,0)))&" › "&IF(58>MAX($N$16:$N$5015),"",INDEX($I$16:$I$5015,MATCH((MAX($N$16:$N$5015)-58+1),$N$16:$N$5015,0)))) | U62: =IF(58>MAX($N$16:$N$5015),"",INDEX($J$16:$J$5015,MATCH((MAX($N$16:$N$5015)-58+1),$N$16:$N$5015,0)))&IF(IF(58>MAX($N$16:$N$5015),"",INDEX($L$16:$L$5015,MATCH((MAX($N$16:$N$5015)-58+1),$N$16:$N$5015,0)))="",""," ["&IF(58>MAX($N$16:$N$5015),"",INDEX($L$16:$L$5015,MATCH((MAX($N$16:$N$5015)-58+1),$N$16:$N$5015,0)))&"]") | V62: =IF(58>MAX($N$16:$N$5015),"",HYPERLINK("#Transaksi!B"&(MATCH((MAX($N$16:$N$5015)-58+1),$N$16:$N$5015,0)+15),"Buka")) | X62: =IF(AND(B62<>"",B62>='Buku Akun'!$H$4,B62<='Buku Akun'!$H$5,OR(C62='Buku Akun'!$C$4,AND(D62="Pindah",E62='Buku Akun'!$C$4))),B62+IF(AND(I62="Selisih bunga",DAY(B62)=1),0,0.01)+ROW()/10000000,"")
A63: =IF(B63="","",ROW()-15) | M63: =IF(AND(B63<>"",OR($C$4="",ISNUMBER(SEARCH($C$4,C63&" "&E63&" "&G63&" "&H63&" "&I63&" "&J63&" "&K63&" "&L63))),OR($C$5="Semua",$C$5="",G63=$C$5),OR($C$6="Semua",$C$6="",H63=$C$6,H63="Pengeluaran "&$C$6,AND($C$6="Uang Kos Mama",H63="Pengeluaran Uang Kos")),OR($C$7="Semua",$C$7="",I63=$C$7),OR($C$8="Semua",$C$8="",C63=$C$8,E63=$C$8),OR($C$9="Semua",$C$9="",D63=$C$9),OR($C$10="",B63>=$C$10),OR($C$11="",B63<=$C$11),OR($C$12<>"Ya",K63<>""),OR($C$13="Semua",$C$13="",L63=$C$13)),"✓","") | N63: =N(N62)+IF(M63="✓",1,0) | O63: =N(O62)+IF(AND(B63<>"",B63>='Uang Riba'!$H$30,B63<='Uang Riba'!$I$30,OR(H63="Dana riba",H63="Pinjam uang riba",I63="Pinjam dari uang riba",I63="Ganti uang riba",I63="Kelebihan ganti dikembalikan",AND(C63="Kantong Uang Riba",G63="Pengeluaran"))),1,0) | P63: =IF(59>MAX($N$16:$N$5015),"",INDEX($B$16:$B$5015,MATCH((MAX($N$16:$N$5015)-59+1),$N$16:$N$5015,0))) | Q63: =IF(59>MAX($N$16:$N$5015),"",INDEX($C$16:$C$5015,MATCH((MAX($N$16:$N$5015)-59+1),$N$16:$N$5015,0)))&IF(IF(59>MAX($N$16:$N$5015),"",INDEX($E$16:$E$5015,MATCH((MAX($N$16:$N$5015)-59+1),$N$16:$N$5015,0)))="",""," → "&IF(59>MAX($N$16:$N$5015),"",INDEX($E$16:$E$5015,MATCH((MAX($N$16:$N$5015)-59+1),$N$16:$N$5015,0)))) | R63: =IF(59>MAX($N$16:$N$5015),"",INDEX($D$16:$D$5015,MATCH((MAX($N$16:$N$5015)-59+1),$N$16:$N$5015,0))) | S63: =IF(59>MAX($N$16:$N$5015),"",INDEX($F$16:$F$5015,MATCH((MAX($N$16:$N$5015)-59+1),$N$16:$N$5015,0))) | T63: =IF(59>MAX($N$16:$N$5015),"",IF(59>MAX($N$16:$N$5015),"",INDEX($G$16:$G$5015,MATCH((MAX($N$16:$N$5015)-59+1),$N$16:$N$5015,0)))&" › "&IF(59>MAX($N$16:$N$5015),"",INDEX($H$16:$H$5015,MATCH((MAX($N$16:$N$5015)-59+1),$N$16:$N$5015,0)))&" › "&IF(59>MAX($N$16:$N$5015),"",INDEX($I$16:$I$5015,MATCH((MAX($N$16:$N$5015)-59+1),$N$16:$N$5015,0)))) | U63: =IF(59>MAX($N$16:$N$5015),"",INDEX($J$16:$J$5015,MATCH((MAX($N$16:$N$5015)-59+1),$N$16:$N$5015,0)))&IF(IF(59>MAX($N$16:$N$5015),"",INDEX($L$16:$L$5015,MATCH((MAX($N$16:$N$5015)-59+1),$N$16:$N$5015,0)))="",""," ["&IF(59>MAX($N$16:$N$5015),"",INDEX($L$16:$L$5015,MATCH((MAX($N$16:$N$5015)-59+1),$N$16:$N$5015,0)))&"]") | V63: =IF(59>MAX($N$16:$N$5015),"",HYPERLINK("#Transaksi!B"&(MATCH((MAX($N$16:$N$5015)-59+1),$N$16:$N$5015,0)+15),"Buka")) | X63: =IF(AND(B63<>"",B63>='Buku Akun'!$H$4,B63<='Buku Akun'!$H$5,OR(C63='Buku Akun'!$C$4,AND(D63="Pindah",E63='Buku Akun'!$C$4))),B63+IF(AND(I63="Selisih bunga",DAY(B63)=1),0,0.01)+ROW()/10000000,"")
A64: =IF(B64="","",ROW()-15) | M64: =IF(AND(B64<>"",OR($C$4="",ISNUMBER(SEARCH($C$4,C64&" "&E64&" "&G64&" "&H64&" "&I64&" "&J64&" "&K64&" "&L64))),OR($C$5="Semua",$C$5="",G64=$C$5),OR($C$6="Semua",$C$6="",H64=$C$6,H64="Pengeluaran "&$C$6,AND($C$6="Uang Kos Mama",H64="Pengeluaran Uang Kos")),OR($C$7="Semua",$C$7="",I64=$C$7),OR($C$8="Semua",$C$8="",C64=$C$8,E64=$C$8),OR($C$9="Semua",$C$9="",D64=$C$9),OR($C$10="",B64>=$C$10),OR($C$11="",B64<=$C$11),OR($C$12<>"Ya",K64<>""),OR($C$13="Semua",$C$13="",L64=$C$13)),"✓","") | N64: =N(N63)+IF(M64="✓",1,0) | O64: =N(O63)+IF(AND(B64<>"",B64>='Uang Riba'!$H$30,B64<='Uang Riba'!$I$30,OR(H64="Dana riba",H64="Pinjam uang riba",I64="Pinjam dari uang riba",I64="Ganti uang riba",I64="Kelebihan ganti dikembalikan",AND(C64="Kantong Uang Riba",G64="Pengeluaran"))),1,0) | P64: =IF(60>MAX($N$16:$N$5015),"",INDEX($B$16:$B$5015,MATCH((MAX($N$16:$N$5015)-60+1),$N$16:$N$5015,0))) | Q64: =IF(60>MAX($N$16:$N$5015),"",INDEX($C$16:$C$5015,MATCH((MAX($N$16:$N$5015)-60+1),$N$16:$N$5015,0)))&IF(IF(60>MAX($N$16:$N$5015),"",INDEX($E$16:$E$5015,MATCH((MAX($N$16:$N$5015)-60+1),$N$16:$N$5015,0)))="",""," → "&IF(60>MAX($N$16:$N$5015),"",INDEX($E$16:$E$5015,MATCH((MAX($N$16:$N$5015)-60+1),$N$16:$N$5015,0)))) | R64: =IF(60>MAX($N$16:$N$5015),"",INDEX($D$16:$D$5015,MATCH((MAX($N$16:$N$5015)-60+1),$N$16:$N$5015,0))) | S64: =IF(60>MAX($N$16:$N$5015),"",INDEX($F$16:$F$5015,MATCH((MAX($N$16:$N$5015)-60+1),$N$16:$N$5015,0))) | T64: =IF(60>MAX($N$16:$N$5015),"",IF(60>MAX($N$16:$N$5015),"",INDEX($G$16:$G$5015,MATCH((MAX($N$16:$N$5015)-60+1),$N$16:$N$5015,0)))&" › "&IF(60>MAX($N$16:$N$5015),"",INDEX($H$16:$H$5015,MATCH((MAX($N$16:$N$5015)-60+1),$N$16:$N$5015,0)))&" › "&IF(60>MAX($N$16:$N$5015),"",INDEX($I$16:$I$5015,MATCH((MAX($N$16:$N$5015)-60+1),$N$16:$N$5015,0)))) | U64: =IF(60>MAX($N$16:$N$5015),"",INDEX($J$16:$J$5015,MATCH((MAX($N$16:$N$5015)-60+1),$N$16:$N$5015,0)))&IF(IF(60>MAX($N$16:$N$5015),"",INDEX($L$16:$L$5015,MATCH((MAX($N$16:$N$5015)-60+1),$N$16:$N$5015,0)))="",""," ["&IF(60>MAX($N$16:$N$5015),"",INDEX($L$16:$L$5015,MATCH((MAX($N$16:$N$5015)-60+1),$N$16:$N$5015,0)))&"]") | V64: =IF(60>MAX($N$16:$N$5015),"",HYPERLINK("#Transaksi!B"&(MATCH((MAX($N$16:$N$5015)-60+1),$N$16:$N$5015,0)+15),"Buka")) | X64: =IF(AND(B64<>"",B64>='Buku Akun'!$H$4,B64<='Buku Akun'!$H$5,OR(C64='Buku Akun'!$C$4,AND(D64="Pindah",E64='Buku Akun'!$C$4))),B64+IF(AND(I64="Selisih bunga",DAY(B64)=1),0,0.01)+ROW()/10000000,"")
A65: =IF(B65="","",ROW()-15) | M65: =IF(AND(B65<>"",OR($C$4="",ISNUMBER(SEARCH($C$4,C65&" "&E65&" "&G65&" "&H65&" "&I65&" "&J65&" "&K65&" "&L65))),OR($C$5="Semua",$C$5="",G65=$C$5),OR($C$6="Semua",$C$6="",H65=$C$6,H65="Pengeluaran "&$C$6,AND($C$6="Uang Kos Mama",H65="Pengeluaran Uang Kos")),OR($C$7="Semua",$C$7="",I65=$C$7),OR($C$8="Semua",$C$8="",C65=$C$8,E65=$C$8),OR($C$9="Semua",$C$9="",D65=$C$9),OR($C$10="",B65>=$C$10),OR($C$11="",B65<=$C$11),OR($C$12<>"Ya",K65<>""),OR($C$13="Semua",$C$13="",L65=$C$13)),"✓","") | N65: =N(N64)+IF(M65="✓",1,0) | O65: =N(O64)+IF(AND(B65<>"",B65>='Uang Riba'!$H$30,B65<='Uang Riba'!$I$30,OR(H65="Dana riba",H65="Pinjam uang riba",I65="Pinjam dari uang riba",I65="Ganti uang riba",I65="Kelebihan ganti dikembalikan",AND(C65="Kantong Uang Riba",G65="Pengeluaran"))),1,0) | P65: =IF(61>MAX($N$16:$N$5015),"",INDEX($B$16:$B$5015,MATCH((MAX($N$16:$N$5015)-61+1),$N$16:$N$5015,0))) | Q65: =IF(61>MAX($N$16:$N$5015),"",INDEX($C$16:$C$5015,MATCH((MAX($N$16:$N$5015)-61+1),$N$16:$N$5015,0)))&IF(IF(61>MAX($N$16:$N$5015),"",INDEX($E$16:$E$5015,MATCH((MAX($N$16:$N$5015)-61+1),$N$16:$N$5015,0)))="",""," → "&IF(61>MAX($N$16:$N$5015),"",INDEX($E$16:$E$5015,MATCH((MAX($N$16:$N$5015)-61+1),$N$16:$N$5015,0)))) | R65: =IF(61>MAX($N$16:$N$5015),"",INDEX($D$16:$D$5015,MATCH((MAX($N$16:$N$5015)-61+1),$N$16:$N$5015,0))) | S65: =IF(61>MAX($N$16:$N$5015),"",INDEX($F$16:$F$5015,MATCH((MAX($N$16:$N$5015)-61+1),$N$16:$N$5015,0))) | T65: =IF(61>MAX($N$16:$N$5015),"",IF(61>MAX($N$16:$N$5015),"",INDEX($G$16:$G$5015,MATCH((MAX($N$16:$N$5015)-61+1),$N$16:$N$5015,0)))&" › "&IF(61>MAX($N$16:$N$5015),"",INDEX($H$16:$H$5015,MATCH((MAX($N$16:$N$5015)-61+1),$N$16:$N$5015,0)))&" › "&IF(61>MAX($N$16:$N$5015),"",INDEX($I$16:$I$5015,MATCH((MAX($N$16:$N$5015)-61+1),$N$16:$N$5015,0)))) | U65: =IF(61>MAX($N$16:$N$5015),"",INDEX($J$16:$J$5015,MATCH((MAX($N$16:$N$5015)-61+1),$N$16:$N$5015,0)))&IF(IF(61>MAX($N$16:$N$5015),"",INDEX($L$16:$L$5015,MATCH((MAX($N$16:$N$5015)-61+1),$N$16:$N$5015,0)))="",""," ["&IF(61>MAX($N$16:$N$5015),"",INDEX($L$16:$L$5015,MATCH((MAX($N$16:$N$5015)-61+1),$N$16:$N$5015,0)))&"]") | V65: =IF(61>MAX($N$16:$N$5015),"",HYPERLINK("#Transaksi!B"&(MATCH((MAX($N$16:$N$5015)-61+1),$N$16:$N$5015,0)+15),"Buka")) | X65: =IF(AND(B65<>"",B65>='Buku Akun'!$H$4,B65<='Buku Akun'!$H$5,OR(C65='Buku Akun'!$C$4,AND(D65="Pindah",E65='Buku Akun'!$C$4))),B65+IF(AND(I65="Selisih bunga",DAY(B65)=1),0,0.01)+ROW()/10000000,"")
